is_blocks,winner,weight,is_sharpe,oos_sharpe,relative_oos_rank,rank_logit
"0,1,2,3",multi_momentum,1.0,1.2431795080906214,1.1959606614792802,0.8333333333333334,1.6094379124341007
"0,1,2,4",multi_momentum,1.0,0.6797617057378252,1.6521338334116942,0.8333333333333334,1.6094379124341007
"0,1,2,5",multi_momentum,1.0,0.7392544701736468,1.5816768781762671,0.8333333333333334,1.6094379124341007
"0,1,2,6",multi_momentum,1.0,1.0971714578353478,1.3324486291966626,0.8333333333333334,1.6094379124341007
"0,1,2,7",multi_momentum,1.0,0.946634903161939,1.4603224175373675,0.8333333333333334,1.6094379124341007
"0,1,3,4",multi_momentum,1.0,0.9511029351881712,1.4869340091805188,0.8333333333333334,1.6094379124341007
"0,1,3,5",multi_momentum,1.0,1.0094502933240412,1.4074923168734024,0.8333333333333334,1.6094379124341007
"0,1,3,6",multi_momentum,1.0,1.305319585580197,1.121848789585484,0.8333333333333334,1.6094379124341007
"0,1,3,7",multi_momentum,1.0,1.17556840975507,1.2701348660932823,0.8333333333333334,1.6094379124341007
"0,1,4,5",lambda_rank,1.0,0.30589602035122176,0.6742147952153719,0.08333333333333333,-2.3978952727983707
"0,1,4,6",trend_quality,1.0,0.8670502006916728,1.5246148556692507,0.8333333333333334,1.6094379124341007
"0,1,4,7",trend_quality,1.0,0.7749226845509588,1.5732626261638898,0.75,1.0986122886681098
"0,1,5,6",multi_momentum,1.0,0.8284362979220592,1.5255850463779679,0.8333333333333334,1.6094379124341007
"0,1,5,7",vol_control,1.0,0.6392833143365313,1.517978270712453,0.75,1.0986122886681098
"0,1,6,7",trend_quality,1.0,1.095340138604964,1.3404236210271074,0.8333333333333334,1.6094379124341007
"0,2,3,4",multi_momentum,1.0,1.261676535306725,1.168230539374545,0.75,1.0986122886681098
"0,2,3,5",multi_momentum,1.0,1.3278330214542005,1.0955177886230094,0.75,1.0986122886681098
"0,2,3,6",multi_momentum,1.0,1.5766819031954977,0.7297094003436567,0.6666666666666666,0.6931471805599452
"0,2,3,7",multi_momentum,1.0,1.461184224922331,0.9135112429141695,0.75,1.0986122886681098
"0,2,4,5",trend_quality,1.0,0.8462272803498914,1.5117714641223348,0.75,1.0986122886681098
"0,2,4,6",trend_quality,1.0,1.2672432405325318,1.1754392080691576,0.6666666666666666,0.6931471805599452
"0,2,4,7",trend_quality,1.0,1.2049640376825355,1.2403137289186745,0.6666666666666666,0.6931471805599452
"0,2,5,6",multi_momentum,1.0,1.1902349465410116,1.2424485235114249,0.8333333333333334,1.6094379124341007
"0,2,5,7",trend_quality,1.0,1.0950877988234706,1.3353402153333949,0.75,1.0986122886681098
"0,2,6,7",trend_quality,1.0,1.4593163638881173,0.9597038166693624,0.6666666666666666,0.6931471805599452
"0,3,4,5",multi_momentum,1.0,1.0285696377959683,1.3833028794041686,0.8333333333333334,1.6094379124341007
"0,3,4,6",trend_quality,1.0,1.3794162295631534,1.0394984991486322,0.75,1.0986122886681098
"0,3,4,7",trend_quality,1.0,1.3218023960420866,1.112126097971948,0.75,1.0986122886681098
"0,3,5,6",multi_momentum,1.0,1.3905231615398994,1.0222837898672497,0.8333333333333334,1.6094379124341007
"0,3,5,7",multi_momentum,1.0,1.2595721071737946,1.1693590345943312,0.8333333333333334,1.6094379124341007
"0,3,6,7",trend_quality,1.0,1.5550663269063751,0.7893400271766201,0.75,1.0986122886681098
"0,4,5,6",trend_quality,1.0,1.0533652512087384,1.3704364771350264,0.6666666666666666,0.6931471805599452
"0,4,5,7",trend_quality,1.0,0.9784511313148179,1.4266432119113754,0.6666666666666666,0.6931471805599452
"0,4,6,7",trend_quality,1.0,1.3789305721204423,1.0833076634817072,0.5833333333333334,0.336472236621213
"0,5,6,7",trend_quality,1.0,1.28044786378433,1.1853600660872594,0.75,1.0986122886681098
"1,2,3,4",multi_momentum,1.0,1.3087751039266955,1.1136564783872398,0.75,1.0986122886681098
"1,2,3,5",multi_momentum,1.0,1.3745326434222827,1.0405222425693534,0.75,1.0986122886681098
"1,2,3,6",multi_momentum,1.0,1.6168428109355883,0.6543034863063474,0.8333333333333334,1.6094379124341007
"1,2,3,7",multi_momentum,1.0,1.503751919333044,0.8484213631366071,0.8333333333333334,1.6094379124341007
"1,2,4,5",multi_momentum,1.0,0.8270094387529671,1.5183120722936119,0.8333333333333334,1.6094379124341007
"1,2,4,6",trend_quality,1.0,1.2175822757186934,1.2234418685689297,0.75,1.0986122886681098
"1,2,4,7",trend_quality,1.0,1.1517581169864322,1.285663701464403,0.75,1.0986122886681098
"1,2,5,6",multi_momentum,1.0,1.242132832785101,1.1935253418847345,0.8333333333333334,1.6094379124341007
"1,2,5,7",multi_momentum,1.0,1.0946005061920336,1.3242766938080797,0.8333333333333334,1.6094379124341007
"1,2,6,7",trend_quality,1.0,1.4108734965277563,1.00848357672929,0.8333333333333334,1.6094379124341007
"1,3,4,5",multi_momentum,1.0,1.0841630015836872,1.3369462482079661,0.8333333333333334,1.6094379124341007
"1,3,4,6",multi_momentum,1.0,1.3698106276076645,1.0371401135668172,0.8333333333333334,1.6094379124341007
"1,3,4,7",trend_quality,1.0,1.2753183047248764,1.1636829284966734,0.8333333333333334,1.6094379124341007
"1,3,5,6",multi_momentum,1.0,1.4356047547715958,0.9645787066271377,0.8333333333333334,1.6094379124341007
"1,3,5,7",multi_momentum,1.0,1.3081665135667888,1.1169132213926363,0.8333333333333334,1.6094379124341007
"1,3,6,7",multi_momentum,1.0,1.5596633996864826,0.7573895673305678,0.8333333333333334,1.6094379124341007
"1,4,5,6",trend_quality,1.0,0.9930915043633004,1.4125994691011137,0.8333333333333334,1.6094379124341007
"1,4,5,7",trend_quality,1.0,0.9114085284731199,1.4669936819257303,0.8333333333333334,1.6094379124341007
"1,4,6,7",trend_quality,1.0,1.3237550235415112,1.1270875360599464,0.6666666666666666,0.6931471805599452
"1,5,6,7",trend_quality,1.0,1.2224786588080745,1.228071378362833,0.8333333333333334,1.6094379124341007
"2,3,4,5",multi_momentum,1.0,1.3990473542911128,1.0215838269124624,0.75,1.0986122886681098
"2,3,4,6",trend_quality,1.0,1.6540672561722936,0.6272491001074306,0.75,1.0986122886681098
"2,3,4,7",trend_quality,1.0,1.6080952435415758,0.7337601237655442,0.75,1.0986122886681098
"2,3,5,6",multi_momentum,1.0,1.7089314959698487,0.5823193968538232,0.75,1.0986122886681098
"2,3,5,7",multi_momentum,1.0,1.59639485735478,0.7666750699389662,0.75,1.0986122886681098
"2,3,6,7",multi_momentum,1.0,1.8118605510438544,0.28235305894316753,0.75,1.0986122886681098
"2,4,5,6",trend_quality,1.0,1.4048550080210458,1.0710158611174057,0.6666666666666666,0.6931471805599452
"2,4,5,7",trend_quality,1.0,1.3555551895714457,1.14070661668389,0.75,1.0986122886681098
"2,4,6,7",trend_quality,1.0,1.6753763251687297,0.7343957951860468,0.5833333333333334,0.336472236621213
"2,5,6,7",trend_quality,1.0,1.5938977645333496,0.8580155625606412,0.75,1.0986122886681098
"3,4,5,6",trend_quality,1.0,1.4977964439321214,0.9217382923647854,0.8333333333333334,1.6094379124341007
"3,4,5,7",trend_quality,1.0,1.4482504774451748,1.0012024491557716,0.8333333333333334,1.6094379124341007
"3,4,6,7",trend_quality,1.0,1.7497324493157325,0.5275075723424627,0.5833333333333334,0.336472236621213
"3,5,6,7",trend_quality,1.0,1.672033025193499,0.6762146355587203,0.8333333333333334,1.6094379124341007
"4,5,6,7",trend_quality,1.0,1.5383916871481875,0.9898551858685215,0.6666666666666666,0.6931471805599452
