segment,candidate,phase_count,cagr_median,cagr_min,cagr_max,sharpe_median,mdd_median,mdd_worst,annual_turnover_median,cagr_win_share,sharpe_win_share,mdd_not_worse_share,median_paired_cagr_delta,median_paired_sharpe_delta,median_paired_mdd_delta,worst_paired_cagr_delta,development_screen_pass
development,production,20,0.14819108169551698,0.10180205256215968,0.21247309589414276,0.7698924169336523,-0.25790356133625814,-0.32741120578260485,12.090451294319678,0.0,0.0,1.0,0.0,0.0,0.0,0.0,False
development,multi_momentum,20,0.195568172607122,0.15547366980480848,0.23680416013220906,0.9857163547180238,-0.234756004958734,-0.26521678965869455,10.256616275368511,1.0,1.0,0.85,0.04714822419184772,0.2070442517236612,0.02122903643760632,0.0048846711662333675,True
development,trend_quality,20,0.20341589963836404,0.14753138416623757,0.23886889736334838,1.0799799113829636,-0.2387429546251209,-0.30666444117972635,11.10655717764163,1.0,1.0,0.75,0.049944347133523914,0.2701893381717445,0.024238326620114603,0.00207987718692082,True
development,buffered_momentum,20,0.1916507121818014,0.1477959509068998,0.23023895027842456,1.0051426419026455,-0.2235925407056042,-0.24488497423731248,7.770604164456838,0.9,1.0,0.9,0.03971379432980371,0.22323884052930076,0.04116525172555968,-0.008062329084482345,True
development,vol_control,20,0.17451570082584766,0.13581180323915487,0.2124108965534639,0.9288466599096934,-0.22590707549636363,-0.25530102645391417,9.78227567038082,0.85,0.9,0.95,0.023606269506892597,0.1387715031802575,0.029332093129674885,-0.015372632832852062,True
final_diagnostic,production,20,0.6064819642663347,0.4599442325842489,0.7599564881781673,1.6986843655523551,-0.30608913512297214,-0.3461154375840343,19.886100713094393,0.0,0.0,1.0,0.0,0.0,0.0,0.0,False
final_diagnostic,multi_momentum,20,0.6543447291698776,0.5138673098108053,0.8452276986995302,1.77261309316429,-0.28553423398046307,-0.32822827239203756,17.183435386045172,0.75,0.75,0.75,0.055921084119201936,0.1108229105564672,0.021133675563395404,-0.08701526707048202,False
final_diagnostic,trend_quality,20,0.5996547070080409,0.3473497467281701,0.7825261527822234,1.8568286112474524,-0.21748427976240436,-0.3367758717239445,19.101266651268986,0.6,0.65,0.9,0.021020619319987,0.15178454259509533,0.08704342204067339,-0.2525279919917893,False
final_diagnostic,buffered_momentum,20,0.762811013106477,0.6169681357544903,0.9303270816264346,1.978627800800831,-0.255465308138479,-0.31541318971265053,14.926283592534919,0.95,0.95,0.9,0.16118953317479623,0.26827852020496135,0.05222232955179723,-0.06226141091293358,False
final_diagnostic,vol_control,20,0.5669621494569906,0.47273718371809337,0.7121547230628837,1.9214248574711914,-0.1943345489472147,-0.20901178043639967,14.980668527801662,0.4,0.9,1.0,-0.03235139770694584,0.2384981325075224,0.11023075402321647,-0.17406814826750128,False
full_common,production,20,0.24842113478356243,0.21692511251171154,0.30715335419851675,1.0493145922382539,-0.31590769618638026,-0.3705113731684515,14.092136015314688,0.0,0.0,1.0,0.0,0.0,0.0,0.0,False
full_common,multi_momentum,20,0.299870794656805,0.2555736044195791,0.34982556195159087,1.223389712262481,-0.3058913025892791,-0.353765067320264,12.047934067157065,1.0,1.0,0.75,0.048827259369396914,0.16419537204744772,0.013075222353646887,0.014418373728569689,False
full_common,trend_quality,20,0.2851670346406274,0.22695390588458886,0.3465249872029683,1.2605633537619685,-0.29505579195373904,-0.33677587172394474,13.15904125781864,0.8,0.8,0.8,0.03395303875777378,0.21232612653879046,0.02923220294226453,-0.042046453082464685,False
full_common,buffered_momentum,20,0.3180482265314659,0.2688824320981389,0.3671182369876471,1.3282540369983107,-0.3029670167833477,-0.355403801739977,9.574305616650225,1.0,1.0,0.85,0.061253201375266686,0.23967817195805452,0.022598613890990216,0.02453448702661598,False
full_common,vol_control,20,0.2709698580502128,0.22449070470572718,0.3022356475642718,1.2316352700269806,-0.29367518097228995,-0.34649965998043086,11.160840661384203,0.8,0.95,0.75,0.013554759902403402,0.15042727695780578,0.026248664437388658,-0.026879819624903156,False
