candidate,phase,segment,deferred_days,cagr,sharpe,mdd,benchmark_cagr,alpha,ir,annual_turnover
production,0,development,0,0.14579316475245885,0.7730378123414918,-0.2600964293523049,0.11711814482510774,0.02867501992735111,0.1516028825213024,12.271944863167915
production,0,final_diagnostic,0,0.5384397508043861,1.6069831379502637,-0.3065168848990246,0.6280295624271088,-0.08958981162272273,-0.21118199331600146,19.058860784190287
production,0,full_common,0,0.23724667201977567,1.0390128254867268,-0.33630873557909946,0.2323203974192165,0.004926274600559166,0.04099582148154531,14.04061374848088
production,1,development,0,0.1738476584606259,0.870056459719284,-0.2517454843863073,0.11711814482510774,0.05672951363551815,0.2815215056185479,12.112555612063854
production,1,final_diagnostic,0,0.5989720585719098,1.7079597217701044,-0.31079664214063174,0.6280295624271088,-0.029057503855199007,-0.039872406356023606,19.54883413981576
production,1,full_common,0,0.27230672652130417,1.1346857208966905,-0.3159081313793344,0.2323203974192165,0.03998632910208766,0.18315532998555056,14.050448258385963
production,2,development,0,0.16024251900569997,0.821163841063477,-0.22172347010779736,0.11711814482510774,0.04312437418059223,0.21985844714597785,11.681879064911202
production,2,final_diagnostic,0,0.5342948769032196,1.556634423634157,-0.3339084134782304,0.6280295624271088,-0.0937346855238892,-0.21102467498221744,19.16025848551677
production,2,full_common,0,0.24788677720344787,1.0542625527763527,-0.33390841347823064,0.2323203974192165,0.015566379784231366,0.08946298925147857,13.63074319520345
production,3,development,0,0.19579902970643026,0.9568605686369774,-0.24868512785846209,0.11711814482510774,0.07868088488132252,0.3750240485763068,11.710884842934789
production,3,final_diagnostic,0,0.5047229656747456,1.4485798105935606,-0.3076191449568383,0.6280295624271088,-0.12330659675236322,-0.26760941087701784,19.73330402652167
production,3,full_common,0,0.2695962376891896,1.1062003388399486,-0.3705113731684515,0.2323203974192165,0.037275840269973104,0.1767554445226206,13.801525622938815
production,4,development,0,0.16823324925230487,0.8629186887869001,-0.24658458323880605,0.11711814482510774,0.05111510442719713,0.2546231291783824,12.153008037025112
production,4,final_diagnostic,0,0.5624178715777015,1.5760759462355343,-0.3461154375840343,0.6280295624271088,-0.06561169084940732,-0.11576841195057645,21.396191164554132
production,4,full_common,0,0.26018667240652915,1.0901495085769555,-0.3538033881350331,0.2323203974192165,0.027866274987312645,0.13785808713144487,14.561779648335675
production,5,development,0,0.157651944200899,0.8239512374475951,-0.24440312603056524,0.11711814482510774,0.04053379937579127,0.2055580689524741,12.588063820156023
production,5,final_diagnostic,0,0.5491370303250869,1.6305476164399608,-0.3080297175895944,0.6280295624271088,-0.07889253210202196,-0.18029924647847345,18.83037130326972
production,5,full_common,0,0.24895549236367698,1.0800160450174545,-0.35926586541222905,0.2323203974192165,0.01663509494446047,0.08705019616813635,14.214807859188756
production,6,development,0,0.21247309589414276,1.0452376279941589,-0.19557736449993235,0.11711814482510774,0.09535495106903502,0.44069145221570544,12.088320904650834
production,6,final_diagnostic,0,0.6179943869186193,1.6998338582835335,-0.32278536429018634,0.6280295624271088,-0.010035175508489536,0.022469243654028356,18.788311440093963
production,6,full_common,0,0.30715335419851675,1.2483163753211566,-0.32278536429018634,0.2323203974192165,0.07483295677930024,0.3089746707941814,13.83433705246021
production,7,development,0,0.16044385116974325,0.8382202867251811,-0.2545943116713931,0.11711814482510774,0.043325706344635506,0.2147372330797237,12.258705141224379
production,7,final_diagnostic,0,0.6792295466674239,1.8871743479975447,-0.29729950262112004,0.6280295624271088,0.05119998424031502,0.15896878702566117,20.073417973152733
production,7,full_common,0,0.27775248215813897,1.1762837551435923,-0.2972995026211198,0.2323203974192165,0.04543208473892246,0.1965485035312351,14.29521768894511
production,8,development,0,0.17046009664585005,0.887489869733162,-0.23809047749594348,0.11711814482510774,0.053341951820742306,0.2603244799296076,11.964496792913165
production,8,final_diagnostic,0,0.7599564881781673,2.0005605212286786,-0.2864216119015812,0.6280295624271088,0.13192692575105847,0.3549672595459588,19.0901851652155
production,8,full_common,0,0.30172919622701855,1.2504368523852352,-0.3141274240419717,0.2323203974192165,0.06940879880780204,0.28801362955565013,13.821449708962998
production,9,development,0,0.13876476939762683,0.7380387087102769,-0.2724633870755525,0.11711814482510774,0.02164662457251909,0.12168695527067692,11.539198464912868
production,9,final_diagnostic,0,0.745191965815674,1.9643978606956667,-0.30566138534691967,0.6280295624271088,0.1171624033885652,0.32868807063708677,19.956104896512407
production,9,full_common,0,0.27277494425992077,1.1401574857796555,-0.3452840637537363,0.2323203974192165,0.040454546840704264,0.18494045174885493,13.732642540159077
production,10,development,0,0.11338605192968987,0.6280695210116839,-0.23874626587907266,0.11711814482510774,-0.003732092895417871,0.0027776082303185793,11.274667341659494
production,10,final_diagnostic,0,0.741598987151876,1.8598360013917548,-0.31444385537448327,0.6280295624271088,0.11356942472476717,0.3291248709913814,20.86570308556665
production,10,full_common,0,0.2510680646579275,1.0443666317001548,-0.31444385537448305,0.2323203974192165,0.01874766723871102,0.10618412984223179,13.7740892728535
production,11,development,0,0.1026698949681073,0.5748145960877095,-0.25571069332021135,0.11711814482510774,-0.01444824985700044,-0.043352919044231254,11.829115113225797
production,11,final_diagnostic,0,0.6603430775624013,1.7774383879969693,-0.299012494026506,0.6280295624271088,0.03231351513529246,0.12760267409218898,21.269175310416486
production,11,full_common,0,0.2267829599807032,0.9724720489596002,-0.3074472278741822,0.2323203974192165,-0.005537437438513315,0.00927425573073992,14.289192848171044
production,12,development,0,0.10180205256215968,0.5697954432711057,-0.32741120578260485,0.11711814482510774,-0.015316092262948056,-0.04656410616650011,12.066591798889046
production,12,final_diagnostic,0,0.7064753788945213,1.8239854003258014,-0.2780442376470652,0.6280295624271088,0.07844581646741244,0.24219431448954973,20.4297502238124
production,12,full_common,0,0.23485684245684713,0.9891390480655956,-0.32741120578260485,0.2323203974192165,0.002536445037630619,0.04388605661394898,14.246029154711884
production,13,development,0,0.12049943123071905,0.6574966046092333,-0.2940981638322574,0.11711814482510774,0.0033812864056113057,0.036025848474288094,12.465258606953885
production,13,final_diagnostic,0,0.6139918699607596,1.7237236236678821,-0.27734182981301214,0.6280295624271088,-0.014037692466349228,0.0025420415271252134,20.43317435886449
production,13,full_common,0,0.23229312081066245,1.0053233482559973,-0.31099572461797553,0.2323203974192165,-2.7276608554061e-05,0.02570380242451765,14.54169580393576
production,14,development,0,0.11168357744016078,0.6170335992434989,-0.2713703878699728,0.11711814482510774,-0.0054345673849469645,-0.0032802096540373387,12.976653934095099
production,14,final_diagnostic,0,0.6310388473688977,1.794238716521675,-0.30168430125121615,0.6280295624271088,0.00300928494178887,0.037046929132158735,19.816096529676383
production,14,full_common,0,0.22847594058414522,0.9979529238341458,-0.31421569032895014,0.2323203974192165,-0.003844456835071286,0.008989082756069505,14.75901125993427
production,15,development,0,0.1425230542747482,0.7406125409251487,-0.2904226096039825,0.11711814482510774,0.025404909449640467,0.13899605981530802,12.370400982265972
production,15,final_diagnostic,0,0.584602004041276,1.646607916085346,-0.3122182827349902,0.6280295624271088,-0.04342755838583279,-0.065792624324692,20.465897477800674
production,15,full_common,0,0.24418378029838483,1.0321463482396,-0.31221828273498997,0.2323203974192165,0.011863382879168327,0.07563629996891498,14.480085694649368
production,16,development,0,0.1505889986385751,0.7667470215258126,-0.27614275628652807,0.11711814482510774,0.03347085381346737,0.17584297679554062,12.09258168398852
production,16,final_diagnostic,0,0.46133973822633,1.4141755063288843,-0.3119939565972474,0.6280295624271088,-0.16668982420077882,-0.4083008456712266,20.13972404863531
production,16,full_common,0,0.22455571172929445,0.968979333519349,-0.31590726099342614,0.2323203974192165,-0.007764685689922057,-0.00039548633190946027,14.189665319863382
production,17,development,0,0.14128727414923992,0.7331077366342781,-0.30251163607523546,0.11711814482510774,0.024169129324132177,0.13408846967470942,11.990337194512886
production,17,final_diagnostic,0,0.4599442325842489,1.4250322241918747,-0.3039746404123991,0.6280295624271088,-0.16808532984285995,-0.4177732368623123,20.031820948428873
production,17,full_common,0,0.21692511251171154,0.9500428422549395,-0.32024407495855745,0.2323203974192165,-0.01539528490750497,-0.03275664087723991,14.085946197601645
production,18,development,0,0.1226064485267393,0.6552945864462358,-0.2781064808581283,0.11711814482510774,0.005488303701631558,0.050916257690453416,11.767538247914459
production,18,final_diagnostic,0,0.6213776440910186,1.697534872821177,-0.28746202472060844,0.6280295624271088,-0.006651918336090246,0.03293056365043149,19.257619047151756
production,18,full_common,0,0.23547517128290552,0.9956716801123066,-0.2874620247206078,0.2323203974192165,0.003154773863689009,0.0451086964208751,13.719451755057996
production,19,development,0,0.17629959877441514,0.8805370607060596,-0.2681217265529008,0.11711814482510774,0.059181453949307405,0.2904290465657268,12.393381217035802
production,19,final_diagnostic,0,0.5558610226296479,1.6115686364810027,-0.2860220800540827,0.6280295624271088,-0.07216853979746096,-0.1462631548772841,18.93576789824293
production,19,full_common,0,0.26522725002860814,1.1100998811725593,-0.3117065507406871,0.2323203974192165,0.032906852609391635,0.15382897628645,14.098325833027731
multi_momentum,0,development,0,0.22308589569637638,1.126847950652463,-0.20517663207558445,0.11711814482510774,0.10596775087126864,0.4984018139662067,10.289912938535982
multi_momentum,0,final_diagnostic,0,0.6200790361867874,1.7384520807185249,-0.26296928072762626,0.6280295624271088,-0.007950526240321443,0.018161301914512297,16.45142733880576
multi_momentum,0,full_common,0,0.31604513428967373,1.3135398519841224,-0.3017726986600652,0.2323203974192165,0.08372473687045723,0.3454938013099119,11.895602316889638
multi_momentum,1,development,0,0.23680416013220906,1.132429214453592,-0.24457368503026344,0.11711814482510774,0.11968601530710132,0.5532618746851935,9.945745596817455
multi_momentum,1,final_diagnostic,0,0.7299319916522398,1.9387390846742383,-0.25332151021285754,0.6280295624271088,0.10190242922513093,0.2927055815599444,16.44084134725579
multi_momentum,1,full_common,0,0.34982556195159087,1.3842669525348497,-0.2839562395760741,0.2323203974192165,0.11750516453237436,0.4704262920143468,11.638366206031995
multi_momentum,2,development,0,0.19608013826252324,0.9794779370341034,-0.21179659813020402,0.11711814482510774,0.0789619934374155,0.381110810948263,10.368304583601285
multi_momentum,2,final_diagnostic,0,0.7633682358469163,1.9686228657801947,-0.28263055873872445,0.6280295624271088,0.13533867341980743,0.3814503905995638,16.453302627838898
multi_momentum,2,full_common,0,0.3234054063745837,1.2983333272656947,-0.2873108446966681,0.2323203974192165,0.0910850089553672,0.37896696260595625,11.954053815398469
multi_momentum,3,development,0,0.20129926013569888,1.0029127741434145,-0.26244430967120513,0.11711814482510774,0.08418111531059114,0.40322298847664373,10.436003209110336
multi_momentum,3,final_diagnostic,0,0.6280554693216414,1.6728105823265333,-0.32822827239203756,0.6280295624271088,2.5906894532523594e-05,0.06071098998806836,16.913012713400143
multi_momentum,3,full_common,0,0.300334454267005,1.212821306749272,-0.3347366786614855,0.2323203974192165,0.0680140568477885,0.2928583453358739,12.12391054631926
multi_momentum,4,development,0,0.19666568200649692,0.9869286163231705,-0.22420764975726304,0.11711814482510774,0.07954753718138918,0.3798476859318411,10.012116242213056
multi_momentum,4,final_diagnostic,0,0.6415055848039337,1.7397166119672718,-0.2851936265927919,0.6280295624271088,0.013476022376824881,0.08390942136577094,18.832401395317998
multi_momentum,4,full_common,0,0.299407135046605,1.2251715291542475,-0.35029979974059144,0.2323203974192165,0.06708673762738848,0.2868276185269711,12.310680728854676
multi_momentum,5,development,0,0.20325959759237278,1.0284079258946854,-0.23440334791404438,0.11711814482510774,0.08614145276726504,0.40381853350271274,10.822984266092565
multi_momentum,5,final_diagnostic,0,0.6070561213369343,1.652065927137774,-0.3079219658386012,0.6280295624271088,-0.020973441090174516,0.0024351945466215817,16.7792232937561
multi_momentum,5,full_common,0,0.29750594318637535,1.2216078953707148,-0.3454053425800233,0.2323203974192165,0.06518554576715885,0.27604159915868437,12.375178924801158
multi_momentum,6,development,0,0.23586574500812318,1.1564986898470173,-0.18658513303878344,0.11711814482510774,0.11874760018301544,0.5473077820020626,10.487044501510782
multi_momentum,6,final_diagnostic,0,0.6620202196845115,1.7381311537108806,-0.3034089209305406,0.6280295624271088,0.03399065725740269,0.14288679362780551,17.23113916138643
multi_momentum,6,full_common,0,0.33506179918151746,1.3315662535586374,-0.30340892093054006,0.2323203974192165,0.10274140176230095,0.4155941644434964,12.24455417502543
multi_momentum,7,development,0,0.21986500679777476,1.1010670748506326,-0.26521678965869455,0.11711814482510774,0.10274686197266703,0.47937157810428543,10.424749880554259
multi_momentum,7,final_diagnostic,0,0.6698463460513953,1.7756322244110203,-0.2555724390655947,0.6280295624271088,0.041816783624286424,0.15633496840907118,18.487354345386755
multi_momentum,7,full_common,0,0.3238793120550423,1.3101729276138119,-0.3140543799574057,0.2323203974192165,0.09155891463582577,0.3744856042884207,12.525862936539562
multi_momentum,8,development,0,0.19057536090059202,0.9873999403063989,-0.24471368732812404,0.11711814482510774,0.07345721607548428,0.35209047499302587,10.324779962144422
multi_momentum,8,final_diagnostic,0,0.7492928960602023,1.8495169589220184,-0.3069483455169062,0.6280295624271088,0.1212633336330935,0.3514355672130314,16.78175182089322
multi_momentum,8,full_common,0,0.31614756995558824,1.2672019042021956,-0.30694834551690664,0.2323203974192165,0.08382717253637173,0.3481635687778924,12.00746549306965
multi_momentum,9,development,0,0.1874535643898485,0.9444635285116837,-0.25530102645391406,0.11711814482510774,0.07033541956474076,0.34019933313691314,9.86013570867743
multi_momentum,9,final_diagnostic,0,0.8452276986995302,2.0420069431075167,-0.2869368795515842,0.6280295624271088,0.21719813627242135,0.5596385026073274,17.050534098661043
multi_momentum,9,full_common,0,0.3319996833389627,1.3052765583396169,-0.353765067320264,0.2323203974192165,0.09967928591974617,0.4067035140578401,11.733952041951339
multi_momentum,10,development,0,0.16965394506514575,0.8942817595397786,-0.22790488409030518,0.11711814482510774,0.05253580024003801,0.2574541255701781,9.387934007534643
multi_momentum,10,final_diagnostic,0,0.654583720081394,1.7695939619175598,-0.2592458509633013,0.6280295624271088,0.02655415765428515,0.11353160521135072,18.013780132031247
multi_momentum,10,full_common,0,0.2803004272581109,1.1783563580858627,-0.3335207781090884,0.2323203974192165,0.04798002983889438,0.21047428070342317,11.635827723535828
multi_momentum,11,development,0,0.19505620695172077,0.984504093112877,-0.2129701678325161,0.11711814482510774,0.07793806212661303,0.3691348663899176,9.642271969938799
multi_momentum,11,final_diagnostic,0,0.6855111614329945,1.876356737475678,-0.25188605531307817,0.6280295624271088,0.057481599005885675,0.17939463074524378,18.7372379176549
multi_momentum,11,full_common,0,0.30709503565592655,1.2685299077130825,-0.28791360070795036,0.2323203974192165,0.07477463823671004,0.3088521726862987,12.01241821484517
multi_momentum,12,development,0,0.17330794619657763,0.8938056722329459,-0.2335110092555872,0.11711814482510774,0.056189801371469894,0.27543958784671657,10.223319612201038
multi_momentum,12,final_diagnostic,0,0.6580712563158062,1.7814903114109595,-0.27019512097154874,0.6280295624271088,0.030041693888697374,0.1195583939219479,17.567258490162278
multi_momentum,12,full_common,0,0.2839609103729426,1.1803284879574578,-0.30483425966165156,0.2323203974192165,0.05164051295372607,0.2247939859153461,12.13714856488587
multi_momentum,13,development,0,0.16087976910566915,0.8651602882551489,-0.26124986052092014,0.11711814482510774,0.043761624280561406,0.21469085298446153,10.703929500403746
multi_momentum,13,final_diagnostic,0,0.6541057382583613,1.7649669292383978,-0.3023367973733736,0.6280295624271088,0.026076175831252435,0.11330180214525708,18.028953224889477
multi_momentum,13,full_common,0,0.27309626253279706,1.1596021982758433,-0.3023367973733737,0.2323203974192165,0.040775865113580556,0.1813156103253534,12.61282916800499
multi_momentum,14,development,0,0.18271636149658854,0.9222419781262118,-0.242585529090924,0.11711814482510774,0.0655982166714808,0.31855341202261933,10.62737190166285
multi_momentum,14,final_diagnostic,0,0.6047633478686982,1.7064007476229346,-0.3082002679869196,0.6280295624271088,-0.023266214558410603,-0.021315488376894707,18.655110604382294
multi_momentum,14,full_common,0,0.280613269270809,1.17052356066528,-0.30820026798692,0.2323203974192165,0.04829287185159248,0.21264144971934312,12.719398947252612
multi_momentum,15,development,0,0.17038251706400254,0.8846266212392081,-0.2547876896416138,0.11711814482510774,0.0532643722388948,0.25826031711335135,10.119042066205436
multi_momentum,15,final_diagnostic,0,0.6648831623168516,1.8513846811407535,-0.28587484136813424,0.6280295624271088,0.036853599889742794,0.12540142576888444,17.65706743964126
multi_momentum,15,full_common,0,0.2829631156180632,1.195418019774534,-0.28587484136813424,0.2323203974192165,0.05064271819884669,0.2162865527027942,12.083449919468961
multi_momentum,16,development,0,0.15547366980480848,0.804976631618625,-0.25606161689285845,0.11711814482510774,0.03835552497970074,0.19672628228183342,9.915871222954356
multi_momentum,16,final_diagnostic,0,0.5893445006657314,1.6314000680142473,-0.303617339118338,0.6280295624271088,-0.038685061761377426,-0.04755667218006012,17.802186247002517
multi_momentum,16,full_common,0,0.2555736044195791,1.0716906118093472,-0.3036173391183381,0.2323203974192165,0.023253207000362597,0.12042513158804498,11.971043287132368
multi_momentum,17,development,0,0.2059116342779559,1.0190977365858185,-0.2259750727752382,0.11711814482510774,0.08879348945284815,0.42154573398607326,10.354584484977403
multi_momentum,17,final_diagnostic,0,0.5138673098108053,1.563270417869662,-0.281083732645254,0.6280295624271088,-0.11416225261630353,-0.28489296413296344,17.135731610703914
multi_momentum,17,full_common,0,0.2795449078793042,1.1844550768899251,-0.34364386412775916,0.2323203974192165,0.04722451046008769,0.2067075045270354,12.121750023429401
multi_momentum,18,development,0,0.1856268514516819,0.9346918223189109,-0.23510866200342362,0.11711814482510774,0.06850870662657416,0.32903414488467364,10.133181146566738
multi_momentum,18,final_diagnostic,0,0.6446445729801642,1.8202623444554027,-0.28874217267400004,0.6280295624271088,0.016615010553055365,0.07502846518250307,16.111351442623892
multi_momentum,18,full_common,0,0.29117622087453854,1.21505267922241,-0.3076059792975746,0.2323203974192165,0.05885582345532203,0.25198065096003996,11.691091089282766
multi_momentum,19,development,0,0.21829875530599163,1.0718037092859356,-0.22095714464041583,0.11711814482510774,0.10118061048088389,0.4639367139140751,10.014050293538261
multi_momentum,19,final_diagnostic,0,0.6365213765581526,1.8103930579445173,-0.25659213859913554,0.6280295624271088,0.008491814131043718,0.05088388217790098,16.48954006032293
multi_momentum,19,full_common,0,0.31569227283073253,1.3011606569230703,-0.2826835363549305,0.2323203974192165,0.08337187541151603,0.3371378709280355,11.701561587467667
trend_quality,0,development,0,0.2164256858068081,1.1343896773688362,-0.23512397679313934,0.11711814482510774,0.09930754098170036,0.4743805225245071,11.250389960217259
trend_quality,0,final_diagnostic,0,0.677655600496399,1.951023155543409,-0.17632912196932016,0.6280295624271088,0.04962603806929011,0.1409237858673444,19.25039215288794
trend_quality,0,full_common,0,0.32272573425353324,1.3906179724816086,-0.26645733228575497,0.2323203974192165,0.09040533683431673,0.3646088210007357,13.335188877024924
trend_quality,1,development,0,0.23886889736334838,1.198772896013448,-0.23518218753583509,0.11711814482510774,0.12175075253824064,0.5725907532337983,11.080620572088607
trend_quality,1,final_diagnostic,0,0.70566490816683,1.9532672365657817,-0.2112722288771295,0.6280295624271088,0.0776353457397212,0.2197511126532139,19.417470742991455
trend_quality,1,full_common,0,0.3465249872029683,1.4325791604901807,-0.24069251637357314,0.2323203974192165,0.11420458978375181,0.4567768504765093,13.253202002354914
trend_quality,2,development,0,0.1623223961926208,0.8927862800317151,-0.21015906669558748,0.11711814482510774,0.04520425136751305,0.22380015510738605,11.09065635465966
trend_quality,2,final_diagnostic,0,0.5767292458243578,1.7008839079920406,-0.26086046240503047,0.6280295624271088,-0.05130031660275103,-0.11043032802068824,18.6648011877392
trend_quality,2,full_common,0,0.25845581379676386,1.1525154636035915,-0.2831040376683903,0.2323203974192165,0.02613541637754735,0.1170640351382025,13.064476931635923
trend_quality,3,development,0,0.2185468275160254,1.120634872068891,-0.212935529433261,0.11711814482510774,0.10142868269091765,0.4817741970503087,10.90741872251699
trend_quality,3,final_diagnostic,0,0.5404695669712192,1.6699034801088721,-0.2034082578099019,0.6280295624271088,-0.08755999545588966,-0.2289307278818221,18.769333658553414
trend_quality,3,full_common,0,0.29531120602448957,1.2863281464231557,-0.3166086835290005,0.2323203974192165,0.06299080860527306,0.2632970786737274,12.956232128805697
trend_quality,4,development,0,0.2139681273161811,1.0935922895211068,-0.19620852683844692,0.11711814482510774,0.09684998249107335,0.4555166031725255,11.138400036776781
trend_quality,4,final_diagnostic,0,0.4127183551020721,1.3674258641400983,-0.27733884371987017,0.6280295624271088,-0.21531120732503672,-0.6077127496221355,21.00104293315593
trend_quality,4,full_common,0,0.26289527605801655,1.1683186483863135,-0.2996169532410118,0.2323203974192165,0.03057487863880004,0.1337757619027312,13.708602735729777
trend_quality,5,development,0,0.18713610933014801,1.0071790428906293,-0.2070128263847526,0.11711814482510774,0.07001796450504028,0.3362753088638111,11.333508924576359
trend_quality,5,final_diagnostic,0,0.3473497467281701,1.1668476487242911,-0.29485319248518405,0.6280295624271088,-0.28067981569893874,-0.7927516918988531,18.136687862713686
trend_quality,5,full_common,0,0.22695390588458886,1.040637386462488,-0.29851369362662883,0.2323203974192165,-0.005366491534627649,-0.012739121964136664,13.10641594878588
trend_quality,6,development,0,0.2300579489035175,1.1996602476230487,-0.17207316381886872,0.11711814482510774,0.11293980407840976,0.519824234024687,11.12516370428848
trend_quality,6,final_diagnostic,0,0.3700833674741475,1.1805961318187677,-0.3367758717239445,0.6280295624271088,-0.25794619495296134,-0.663951397422473,18.65755823932902
trend_quality,6,full_common,0,0.26510690111605206,1.1600565619871543,-0.33677587172394474,0.2323203974192165,0.032786503696835556,0.14360140195390422,13.088104162230794
trend_quality,7,development,0,0.21459766737291486,1.1272816260040721,-0.2614740435236357,0.11711814482510774,0.09747952254780712,0.45765821148712693,10.99725115218317
trend_quality,7,final_diagnostic,0,0.42670155467563453,1.319806045554976,-0.3081335154467294,0.6280295624271088,-0.2013280077514743,-0.49799800769165214,19.796664300537152
trend_quality,7,full_common,0,0.26662643750549053,1.165987310890628,-0.30831410593979036,0.2323203974192165,0.034306040086274026,0.15001112582964937,13.290376398703547
trend_quality,8,development,0,0.20864079543617642,1.1003075057696472,-0.24230372171440673,0.11711814482510774,0.09152265061106868,0.4304455890337813,10.808112442432924
trend_quality,8,final_diagnostic,0,0.5252306486918488,1.5568873951878268,-0.25330044335643875,0.6280295624271088,-0.10279891373526007,-0.23817618212430045,18.931759665004883
trend_quality,8,full_common,0,0.28418561987372515,1.2333569731347729,-0.30149576342209605,0.2323203974192165,0.05186522245450864,0.21845582367680919,12.925133228459948
trend_quality,9,development,0,0.19977445567589114,1.0510565190178334,-0.22638987662242172,0.11711814482510774,0.0826563108507834,0.397719556506627,10.353218713296311
trend_quality,9,final_diagnostic,0,0.5394572748009223,1.6497472897588543,-0.23617975244318745,0.6280295624271088,-0.08857228762618652,-0.22360919041657207,18.846733132429144
trend_quality,9,full_common,0,0.2803073454336369,1.2347985611007812,-0.32922642027110116,0.2323203974192165,0.04798694801442038,0.20353508423947148,12.566626814249233
trend_quality,10,development,0,0.2002939260329233,1.0743891603212818,-0.1778065239936698,0.11711814482510774,0.08317578120781555,0.40307806368840793,10.350853207696474
trend_quality,10,final_diagnostic,0,0.5118783791411665,1.5747897392868655,-0.22796482036190835,0.6280295624271088,-0.11615118328594232,-0.2970240568589346,19.08182980340683
trend_quality,10,full_common,0,0.2746980742359777,1.2239776276001375,-0.3175148975374157,0.2323203974192165,0.04237767681676119,0.18086564797540702,12.626143902752327
trend_quality,11,development,0,0.22415607304654528,1.1447223500967891,-0.19470836246882373,0.11711814482510774,0.10703792822143754,0.5020812430895409,10.430407330953988
trend_quality,11,final_diagnostic,0,0.6638247664099715,1.9136041937619641,-0.24114616238054554,0.6280295624271088,0.03579520398286262,0.1103785667464581,19.534709039334246
trend_quality,11,full_common,0,0.3260720841226654,1.38388119165448,-0.26032394955166305,0.2323203974192165,0.09375168670344891,0.37834556492009475,12.802986473158564
trend_quality,12,development,0,0.14753138416623757,0.8121150049802067,-0.24813936179457308,0.11711814482510774,0.030413239341129827,0.15387297490903326,11.212606779471841
trend_quality,12,final_diagnostic,0,0.6467868732635986,1.9346201281745077,-0.21443242399604645,0.6280295624271088,0.018757310836489793,0.055135807990173355,19.12070349913114
trend_quality,12,full_common,0,0.2607982508632498,1.1720920574439302,-0.27607336366796864,0.2323203974192165,0.028477853444033308,0.12247121506995146,13.273455149021112
trend_quality,13,development,0,0.20380622190674558,1.083264967023786,-0.2590015198577199,0.11711814482510774,0.08668807708163784,0.4112697964399955,11.182875012402224
trend_quality,13,final_diagnostic,0,0.6443140214996528,1.957525966733021,-0.18973402074424028,0.6280295624271088,0.016284459072543944,0.04301627481875982,18.996408942043466
trend_quality,13,full_common,0,0.3057172402910626,1.3574589623583335,-0.2940267432276168,0.2323203974192165,0.07339684287184611,0.2947286251145669,13.219080338430759
trend_quality,14,development,0,0.2202785926128814,1.1329574689520814,-0.26760739660275745,0.11711814482510774,0.10316044778777367,0.4863799606683161,11.410855483354831
trend_quality,14,final_diagnostic,0,0.6427579344699785,1.953558317353982,-0.20959350208531768,0.6280295624271088,0.014728372042869697,0.03957100299671375,19.747289454039134
trend_quality,14,full_common,0,0.3185792150019937,1.3871228254469932,-0.27991051872311723,0.2323203974192165,0.0862588175827772,0.3469188692106163,13.583328451930266
trend_quality,15,development,0,0.18501495381904975,0.9919298779897467,-0.30666444117972635,0.11711814482510774,0.06789680899394201,0.3230651266235789,11.366106001470474
trend_quality,15,final_diagnostic,0,0.622580168191724,1.957088044136119,-0.19077346960392827,0.6280295624271088,-0.005449394235384819,-0.022652339357249536,19.400744405886403
trend_quality,15,full_common,0,0.2861484494075297,1.2939659441806344,-0.30666444117972635,0.2323203974192165,0.0538280519883132,0.21673786588112734,13.459931107895306
trend_quality,16,development,0,0.1810658126723299,0.9466533599651589,-0.2705653992776088,0.11711814482510774,0.06394766784722217,0.31124575608708005,10.932932519825584
trend_quality,16,final_diagnostic,0,0.563237357895934,1.8000530287329404,-0.22053613552876228,0.6280295624271088,-0.06479220453117485,-0.18424739244835256,19.677122295515918
trend_quality,16,full_common,0,0.27058094755158746,1.2106785772185953,-0.2705653992776088,0.2323203974192165,0.03826055013237095,0.1617858944851255,13.211666566851399
trend_quality,17,development,0,0.2030255773699825,1.0766948557421412,-0.2643478586831539,0.11711814482510774,0.08590743254487476,0.4115669504611095,10.754948846206425
trend_quality,17,final_diagnostic,0,0.6371167794834929,1.9546596924443131,-0.19233491295060623,0.6280295624271088,0.009087217056384045,0.0226576067073314,19.50076640400458
trend_quality,17,full_common,0,0.3036000361252247,1.3514145574749057,-0.2960848406798613,0.2323203974192165,0.07127963870600817,0.29005834182063867,13.034107092912873
trend_quality,18,development,0,0.19912192896375314,1.019891666223389,-0.29195985345710396,0.11711814482510774,0.0820037841386454,0.3911288155433942,11.211050594182169
trend_quality,18,final_diagnostic,0,0.7226619191018062,2.1151521158464246,-0.17525438839034402,0.6280295624271088,0.09463235667469738,0.24232927887163602,18.998586363800957
trend_quality,18,full_common,0,0.3178478088592078,1.3630874421284256,-0.29195985345710396,0.2323203974192165,0.08552741143999132,0.3433719221726093,13.240480805085927
trend_quality,19,development,0,0.1961563909529329,1.0163516380326367,-0.28114142601241765,0.11711814482510774,0.07903824612782517,0.38262035028271885,11.1224580006236
trend_quality,19,final_diagnostic,0,0.7825261527822234,2.1975470648284694,-0.18176366774301878,0.6280295624271088,0.15449659035511454,0.38803120093476884,18.666601722134438
trend_quality,19,full_common,0,0.32719991057712017,1.392005371995153,-0.28942823997971157,0.2323203974192165,0.09487951315790366,0.38147939830711486,13.088460294130043
buffered_momentum,0,development,0,0.18681458894405045,0.9952948539663258,-0.21689131337363765,0.11711814482510774,0.06969644411894271,0.3359204857933563,7.688153615999668
buffered_momentum,0,final_diagnostic,0,0.7021301458760005,1.8779212941383472,-0.2558022448880537,0.6280295624271088,0.0741005834488917,0.22341985153472482,12.977923653855013
buffered_momentum,0,full_common,0,0.30375317919272016,1.280522797346672,-0.2924316618558509,0.2323203974192165,0.07143278177350365,0.29686142241865726,9.066666593806852
buffered_momentum,1,development,0,0.1955647237416549,1.0068736519016497,-0.19871729229345025,0.11711814482510774,0.07844657891654716,0.3739052027802158,7.507056428591076
buffered_momentum,1,final_diagnostic,0,0.7489389680163567,1.9650898159083219,-0.242802433548431,0.6280295624271088,0.1209094055892479,0.33615904580810574,13.597652632853606
buffered_momentum,1,full_common,0,0.32015396734008594,1.31628265953767,-0.28448969091716425,0.2323203974192165,0.08783356992086944,0.35936988334042863,9.094264539732913
buffered_momentum,2,development,0,0.19864868347371578,1.0453844804972445,-0.21378755492911616,0.11711814482510774,0.08153053864860804,0.3880296097920577,7.435577104755644
buffered_momentum,2,final_diagnostic,0,0.8101156630636757,2.0794795453349413,-0.23535462392349382,0.6280295624271088,0.18208610063656683,0.4920032883887908,13.201138505838019
buffered_momentum,2,full_common,0,0.33457514365279173,1.3821445830444405,-0.30922663066209377,0.2323203974192165,0.10225474623357522,0.4177462733805375,8.938081213414131
buffered_momentum,3,development,0,0.18773670062194792,0.9981833915307918,-0.23611029425097552,0.11711814482510774,0.07061855579684018,0.338904584053922,7.988897634216896
buffered_momentum,3,final_diagnostic,0,0.7439769474846525,1.8147420647804746,-0.28508895398253753,0.6280295624271088,0.11594738505754365,0.34554341027995034,14.437633317804858
buffered_momentum,3,full_common,0,0.3127849239581584,1.261831624537801,-0.355403801739977,0.2323203974192165,0.08046452653894187,0.33699513303192874,9.669436819598658
buffered_momentum,4,development,0,0.19757083414249355,1.0177388436706174,-0.23250623831484452,0.11711814482510774,0.0804526893173858,0.3831914608108319,7.928711716352546
buffered_momentum,4,final_diagnostic,0,0.6662181556846185,1.782586831738841,-0.2551283713889043,0.6280295624271088,0.03818859325750967,0.14298441495823339,15.686879860491867
buffered_momentum,4,full_common,0,0.3052064424194838,1.260607157082305,-0.34026480769265266,0.2323203974192165,0.0728860450002673,0.30411102079372043,9.95048873013032
buffered_momentum,5,development,0,0.18694267653765095,1.0034116319036412,-0.22056451438798663,0.11711814482510774,0.06982453171254321,0.3314231236652587,8.6431686793024
buffered_momentum,5,final_diagnostic,0,0.6459305739556318,1.7596014766376054,-0.2742396562601328,0.6280295624271088,0.01790101152852297,0.09017217852034574,13.281222777989054
buffered_momentum,5,full_common,0,0.29249884713992835,1.244240720178114,-0.30725056355982383,0.2323203974192165,0.060178449720711846,0.25222471979421346,9.851844618153525
buffered_momentum,6,development,0,0.23023895027842456,1.1825704108595667,-0.20861877191781253,0.11711814482510774,0.11312080545331682,0.5284368056852911,8.100920964115542
buffered_momentum,6,final_diagnostic,0,0.7766830581965973,1.951440716124313,-0.2918283700962614,0.6280295624271088,0.1486534957694885,0.40668522282158165,15.111599476054185
buffered_momentum,6,full_common,0,0.3538998470455428,1.4224067179972026,-0.3022699193243428,0.2323203974192165,0.12157944962632627,0.4841124563801673,9.927902334341539
buffered_momentum,7,development,0,0.20664208788236849,1.0907412470406725,-0.2304712253358161,0.11711814482510774,0.08952394305726075,0.4245402484619441,7.874370656822031
buffered_momentum,7,final_diagnostic,0,0.6169681357544903,1.6536445108141096,-0.31541318971265053,0.6280295624271088,-0.011061426672618557,0.032159445058818285,15.708173814647687
buffered_momentum,7,full_common,0,0.30228696918475495,1.2591852898107205,-0.31541318971265053,0.2323203974192165,0.06996657176553844,0.29360872267034865,9.915858139523237
buffered_momentum,8,development,0,0.20097701194191897,1.0419866472705253,-0.21649852781797152,0.11711814482510774,0.08385886711681123,0.39547981888607053,7.78130845365113
buffered_momentum,8,final_diagnostic,0,0.8200897856722542,2.0076312336214652,-0.2952591043948817,0.6280295624271088,0.19206022324514538,0.5023649222943617,14.473874421855642
buffered_momentum,8,full_common,0,0.3384067022724253,1.3566707904021142,-0.2952591043948818,0.2323203974192165,0.1060863048532088,0.4258553503525003,9.525389760773713
buffered_momentum,9,development,0,0.20198678059133512,1.0220997285127043,-0.22757580463154303,0.11711814482510774,0.08486863576622738,0.4062736724154868,7.324145374284694
buffered_momentum,9,final_diagnostic,0,0.8971996406048526,2.1036324744636854,-0.28999023346603225,0.6280295624271088,0.26917007817774374,0.6711780832871375,14.83600635234345
buffered_momentum,9,full_common,0,0.35379855859792775,1.3780038578358194,-0.28999023346603237,0.2323203974192165,0.12147816117871124,0.487183639510938,9.281734791524409
buffered_momentum,10,development,0,0.20713992913044943,1.067519007784425,-0.24239401088894674,0.11711814482510774,0.09002178430534169,0.4311409808316102,6.949832763879191
buffered_momentum,10,final_diagnostic,0,0.8132161260778328,1.9816017100042813,-0.27751236352568065,0.6280295624271088,0.18518656365072395,0.49511321896715016,15.51175588861584
buffered_momentum,10,full_common,0,0.34215756330651437,1.363193225830806,-0.30612696570829023,0.2323203974192165,0.10983716588729786,0.44726773214356425,9.181068159363821
buffered_momentum,11,development,0,0.2232544844223472,1.138134901074781,-0.20135212232686917,0.11711814482510774,0.10613633959723945,0.4961696809469078,7.17401118060913
buffered_momentum,11,final_diagnostic,0,0.8742057727730461,2.220552154576779,-0.23619438953517957,0.6280295624271088,0.24617621034593729,0.6065055790860308,15.384507540291752
buffered_momentum,11,full_common,0,0.3671182369876471,1.4871017182650084,-0.26408046122562057,0.2323203974192165,0.1347978395684306,0.5268907516304403,9.313664833804602
buffered_momentum,12,development,0,0.18137808224094676,0.991626968269235,-0.21287672013883718,0.11711814482510774,0.06425993741583902,0.30569545158908623,7.474099224718769
buffered_momentum,12,final_diagnostic,0,0.9303270816264346,2.3047416329076014,-0.22431421855444167,0.6280295624271088,0.3022975191993258,0.7341301313596557,15.253763501220675
buffered_momentum,12,full_common,0,0.34264045549308086,1.4299741978758542,-0.28916030134815307,0.2323203974192165,0.11032005807386436,0.43909451961299867,9.501478126144292
buffered_momentum,13,development,0,0.16624314437972298,0.9226927854309115,-0.24488497423731248,0.11711814482510774,0.049124999554615245,0.23549655233993216,7.948667710309835
buffered_momentum,13,final_diagnostic,0,0.6996352896753413,1.9893425078897213,-0.25968198708350154,0.6280295624271088,0.07160572724823244,0.205013886789801,15.085060069440141
buffered_momentum,13,full_common,0,0.2865140554153984,1.2704173966158494,-0.2673800028670865,0.2323203974192165,0.05419365799618192,0.22489059861274746,9.808410083113184
buffered_momentum,14,development,0,0.21836557209867613,1.1053396814900516,-0.23224500039752072,0.11711814482510774,0.10124742727356839,0.4755468255825214,8.15731518255036
buffered_momentum,14,final_diagnostic,0,0.6374611519797235,1.8615516685289872,-0.2738153252889355,0.6280295624271088,0.009431589552614694,0.04323249736790764,15.836012869807252
buffered_momentum,14,full_common,0,0.3159424857228459,1.3402254144589514,-0.30871538386166086,0.2323203974192165,0.08362208830362938,0.3429366514931058,10.15838221170107
buffered_momentum,15,development,0,0.1477959509068998,0.8111333667222055,-0.22662056702322175,0.11711814482510774,0.030677806081792047,0.1526160092422841,8.168087047394824
buffered_momentum,15,final_diagnostic,0,0.8518946446201121,2.147225521334701,-0.24480380245430122,0.6280295624271088,0.22386508219300327,0.556056241367062,14.67948537944402
buffered_momentum,15,full_common,0,0.3001836758759737,1.2591500108412013,-0.2724564952729863,0.2323203974192165,0.06786327845675721,0.27958636557858846,9.864956106005371
buffered_momentum,16,development,0,0.15453955961457422,0.8344882226695988,-0.23791054244181253,0.11711814482510774,0.03742141478946648,0.18668435338468561,7.763842737764675
buffered_momentum,16,final_diagnostic,0,0.6587708839757316,1.824528893713859,-0.2522602520927385,0.6280295624271088,0.030741321548622746,0.11533040079435032,15.719296200845607
buffered_momentum,16,full_common,0,0.2688824320981389,1.1579580656495128,-0.3036641142423526,0.2323203974192165,0.036562034678922384,0.16355775847225298,9.837032264855052
buffered_momentum,17,development,0,0.18639669132678582,0.970329078693541,-0.2447897344861557,0.11711814482510774,0.06927854650167808,0.3306639638454728,7.722352215505319
buffered_momentum,17,final_diagnostic,0,0.71704780265252,1.9756538915973807,-0.19937188589517085,0.6280295624271088,0.08901824022541116,0.2532838770822128,15.01656083272639
buffered_momentum,17,full_common,0,0.3063810274376635,1.2934671681199679,-0.33869801558076795,0.2323203974192165,0.07406063001844698,0.30526543398860556,9.623221472526737
buffered_momentum,18,development,0,0.18483347280172024,0.9508484205649884,-0.2107762071508612,0.11711814482510774,0.0677153279766125,0.322129257883613,7.669629106400097
buffered_momentum,18,final_diagnostic,0,0.8046653618884683,2.202129448762214,-0.18635014910261516,0.6280295624271088,0.17663579946135943,0.4678124806739247,14.0746437543959
buffered_momentum,18,full_common,0,0.3221452114372956,1.3503933776419197,-0.3111513588620367,0.2323203974192165,0.08982481401807907,0.36423832637941805,9.33877459894916
buffered_momentum,19,development,0,0.1750231987842552,0.9309774708262002,-0.20925699237546913,0.11711814482510774,0.05790505395914747,0.27919655560055856,7.777365591149001
buffered_momentum,19,final_diagnostic,0,0.9163387305695001,2.246707983333899,-0.18917418370108086,0.6280295624271088,0.28830916814239127,0.7135285680641248,13.160098000682188
buffered_momentum,19,full_common,0,0.3347642620093245,1.3690209091476162,-0.2838596000125597,0.2323203974192165,0.10244386459010801,0.4132533922682747,9.180104543788467
vol_control,0,development,0,0.1955747073909644,1.0469351568509726,-0.1960071645417144,0.11711814482510774,0.07845656256585665,0.37838700568563594,9.965157453499364
vol_control,0,final_diagnostic,0,0.5453993104574382,1.8546984946390834,-0.17581619741068177,0.6280295624271088,-0.08263025196967066,-0.25372211668973094,14.341939136448762
vol_control,0,full_common,0,0.27827475790555223,1.2937786005693939,-0.2835782256453838,0.2323203974192165,0.04595436048633572,0.1837987435943606,11.105745854847086
vol_control,1,development,0,0.20925683001118145,1.0612895274838434,-0.2307868503466547,0.11711814482510774,0.09213868518607371,0.44018106948037533,9.655520459961705
vol_control,1,final_diagnostic,0,0.6068246878949479,1.9923344954668465,-0.16435599089660236,0.6280295624271088,-0.02120487453216091,-0.0787335416359702,14.395825798220887
vol_control,1,full_common,0,0.3022356475642718,1.3421746163053367,-0.2808504017472785,0.2323203974192165,0.06991525014505529,0.2831115393252406,10.890843050697296
vol_control,2,development,0,0.17406186478711572,0.9180762284405843,-0.21179659813020435,0.11711814482510774,0.05694371996200798,0.2822030291462036,10.039611937426155
vol_control,2,final_diagnostic,0,0.634796151631245,2.0662580007885634,-0.18507074324625372,0.6280295624271088,0.0067665892041361975,-0.003394571206376255,14.274441346517818
vol_control,2,full_common,0,0.2798471276316534,1.2679330743916943,-0.2835438006890616,0.2323203974192165,0.04752673021243692,0.19639611913784422,11.143207605565864
vol_control,3,development,0,0.1804263968735782,0.9438449500478806,-0.25029698842062953,0.11711814482510774,0.06330825204847046,0.31045048043369033,10.055312245920067
vol_control,3,final_diagnostic,0,0.5639503619651449,1.857649393528964,-0.20901178043639967,0.6280295624271088,-0.06407920046196391,-0.19492942750265058,14.8604823329858
vol_control,3,full_common,0,0.27022323154354,1.2231758730581022,-0.321887297679619,0.2323203974192165,0.03790283412432349,0.15842740643289735,11.307538576778976
vol_control,4,development,0,0.18012842559564568,0.9427221670207717,-0.22420764975726282,0.11711814482510774,0.06301028077053794,0.30599163821720077,9.569742083687661
vol_control,4,final_diagnostic,0,0.5721429464317356,1.926835701435443,-0.19344696108565462,0.6280295624271088,-0.05588661599537326,-0.18338574004988054,16.20589824467835
vol_control,4,full_common,0,0.2717164845568856,1.240094666995859,-0.33726374558750694,0.2323203974192165,0.03939608713766907,0.16157406467675722,11.299123006717293
vol_control,5,development,0,0.1773815030664374,0.9430901581639799,-0.23440334791404427,0.11711814482510774,0.06026335824132967,0.2890025779046992,10.32671022605472
vol_control,5,final_diagnostic,0,0.4804233731024672,1.691181525445386,-0.19985221989511148,0.6280295624271088,-0.14760618932464165,-0.4586935361011647,14.617748336026507
vol_control,5,full_common,0,0.24979486999915856,1.169165297086564,-0.3455132296656822,0.2323203974192165,0.017474472579942057,0.07014976284295542,11.444953870018415
vol_control,6,development,0,0.2124108965534639,1.087280196336204,-0.18658513303878332,0.11711814482510774,0.09529275172835616,0.44737448919763007,9.843964181358212
vol_control,6,final_diagnostic,0,0.5168462800759313,1.731162021979124,-0.19659546892485102,0.6280295624271088,-0.11118328235117758,-0.32877449682436954,14.834917685819617
vol_control,6,full_common,0,0.2852986110768596,1.2815719078057348,-0.29484334651148736,0.2323203974192165,0.0529782136576431,0.21594754969780958,11.144605632365733
vol_control,7,development,0,0.19940402872586338,1.0439070346156527,-0.25093917704672386,0.11711814482510774,0.08228588390075564,0.3905614526688964,9.931226862295764
vol_control,7,final_diagnostic,0,0.541748429905031,1.787059480705869,-0.19431830055810795,0.6280295624271088,-0.08628113252207781,-0.25297173057025435,16.07219014723142
vol_control,7,full_common,0,0.28051123286817403,1.2712995255755561,-0.31763960156468396,0.2323203974192165,0.048190835448957525,0.19594492061985372,11.531560624243836
vol_control,8,development,0,0.1714388995374958,0.9276992529262863,-0.22760650123546444,0.11711814482510774,0.054320754712388064,0.2640596242153216,9.832654402735008
vol_control,8,final_diagnostic,0,0.6206870592240026,1.9207742056494659,-0.20178084757344472,0.6280295624271088,-0.007342503203106254,-0.021520475998845847,14.647764490904994
vol_control,8,full_common,0,0.2748493766021154,1.2413873212765039,-0.3046447334422181,0.2323203974192165,0.042528979182898885,0.17582681438706554,11.087471095825842
vol_control,9,development,0,0.16548177376546302,0.874640489024975,-0.25530102645391417,0.11711814482510774,0.048363628940355285,0.24025665406957533,9.425205798763951
vol_control,9,final_diagnostic,0,0.7121547230628837,2.1453197472023557,-0.19742390605332394,0.6280295624271088,0.08412516063577491,0.2151029688228443,15.100854722617521
vol_control,9,full_common,0,0.28835465191437115,1.2711513711841784,-0.34649965998043086,0.2323203974192165,0.056034254495154645,0.231744169210191,10.904278734452781
vol_control,10,development,0,0.1486898330490911,0.8258067619102877,-0.21685063734870968,0.11711814482510774,0.031571688223983374,0.15733837640430706,9.085142873733293
vol_control,10,final_diagnostic,0,0.5675308388843747,1.8901672909960572,-0.20154037615210618,0.6280295624271088,-0.06049872354273411,-0.1887613456264774,16.095531708890654
vol_control,10,full_common,0,0.24562472321661666,1.156237387807914,-0.3240239921082836,0.2323203974192165,0.013304325797400152,0.0526296203351588,10.91204875425
vol_control,11,development,0,0.1749695368645796,0.9299940668931005,-0.20724264776179802,0.11711814482510774,0.05785139203947187,0.2790258535545406,9.215739276802697
vol_control,11,final_diagnostic,0,0.6012324248573058,2.0067192963231943,-0.1661653317178875,0.6280295624271088,-0.026797137569803064,-0.09853334093849324,16.74197860994228
vol_control,11,full_common,0,0.273674505143618,1.2573809426390068,-0.2828919167781039,0.2323203974192165,0.04135410772440151,0.16533959253817734,11.177075690402672
vol_control,12,development,0,0.15301363620054764,0.833112158575378,-0.21570740047065906,0.11711814482510774,0.0358954913754399,0.1794192488389152,9.72607081235945
vol_control,12,final_diagnostic,0,0.5843359282859504,1.9220755092929167,-0.18075448973237118,0.6280295624271088,-0.043693634141158455,-0.1369520613778948,15.445818557556276
vol_control,12,full_common,0,0.25256582375153824,1.1691843548443122,-0.29859436845098697,0.2323203974192165,0.020245426332321736,0.0830647993634665,11.216635891769586
vol_control,13,development,0,0.14099496587666804,0.7984378306550501,-0.2422755426210932,0.11711814482510774,0.023876821051560304,0.11778477060063348,10.188085729734906
vol_control,13,final_diagnostic,0,0.5823263172996582,1.9478174359829028,-0.20211294139226843,0.6280295624271088,-0.04570324512745061,-0.15218110162475773,15.80316125308355
vol_control,13,full_common,0,0.24248773484100328,1.1562327437527053,-0.2755985547334734,0.2323203974192165,0.01016733742178677,0.0368598793237882,11.651373249780262
vol_control,14,development,0,0.1581260257033521,0.8453139874351462,-0.2335086963200741,0.11711814482510774,0.04100788087824436,0.20535857483588613,10.006710539229156
vol_control,14,final_diagnostic,0,0.5339518784648543,1.8864175991555574,-0.20515853903944126,0.6280295624271088,-0.09407768396225458,-0.3057270543740878,16.11956981954387
vol_control,14,full_common,0,0.24613061902020772,1.1548236081713976,-0.29250701543309254,0.2323203974192165,0.013810221600991213,0.05527971505346027,11.599720403385628
vol_control,15,development,0,0.1507646961521687,0.8241008762478194,-0.24044922343975295,0.11711814482510774,0.03364655132706096,0.16611119522313597,9.708876429052259
vol_control,15,final_diagnostic,0,0.5634578581643224,1.9605749103954275,-0.1904688281607384,0.6280295624271088,-0.06457170426278647,-0.21632436688999696,15.463795066899987
vol_control,15,full_common,0,0.24644256412533072,1.1661442842170522,-0.2838584739361959,0.2323203974192165,0.014122166706114214,0.05366042736053809,11.208607035812992
vol_control,16,development,0,0.13581180323915487,0.7448152538854997,-0.23985550350872153,0.11711814482510774,0.018693658414047132,0.10122557305435702,9.556195622059418
vol_control,16,final_diagnostic,0,0.515621924301974,1.7733016087406857,-0.20115629162689208,0.6280295624271088,-0.11240763812513488,-0.34583263173145956,15.425138464218364
vol_control,16,full_common,0,0.22449070470572718,1.0572685946345894,-0.28777163620357893,0.2323203974192165,-0.007829692713489322,-0.030269280677231176,11.085640912880569
vol_control,17,development,0,0.18251305862405887,0.9549326620993946,-0.2093287784136022,0.11711814482510774,0.06539491379895113,0.3178293305727804,9.931951021448748
vol_control,17,final_diagnostic,0,0.47273718371809337,1.7433158869479213,-0.19435079733632143,0.6280295624271088,-0.15529237870901547,-0.495277382249205,14.760266534275427
vol_control,17,full_common,0,0.252120531779215,1.1867277318158018,-0.3222595835788329,0.2323203974192165,0.0198001343599985,0.07801016561646067,11.190209045473901
vol_control,18,development,0,0.15724064023767625,0.8439226407550166,-0.22165439741804993,0.11711814482510774,0.040122495412568515,0.19960973436680088,9.731896938026633
vol_control,18,final_diagnostic,0,0.5663934600296066,1.9685605862354763,-0.18579923833127976,0.6280295624271088,-0.06163610239750228,-0.20922587730663625,13.706918700185117
vol_control,18,full_common,0,0.25223720801594673,1.1796506149628132,-0.2924197578439195,0.2323203974192165,0.019916810596730228,0.07969867758259341,10.767786787110335
vol_control,19,development,0,0.19150813821041868,0.996201986169826,-0.21067005622213708,0.11711814482510774,0.07438999338531094,0.35055947568678353,9.680720601911169
vol_control,19,final_diagnostic,0,0.5775978869732605,1.9740687743994028,-0.1651617306873464,0.6280295624271088,-0.0504316754538483,-0.1672732222580424,14.095170635899857
vol_control,19,full_common,0,0.2819289226624029,1.2894223751435987,-0.2629660083870742,0.2323203974192165,0.049608525243186374,0.19567258997253234,10.831125367748964
