date,fixed_50,market_cap_150
2015-01-05,0,0
2015-01-06,0,0
2015-01-07,0,0
2015-01-08,0,0
2015-01-09,0,0
2015-01-12,0,0
2015-01-13,0,0
2015-01-14,0,0
2015-01-16,0,0
2015-01-19,0,0
2015-01-20,0,0
2015-01-21,0,0
2015-01-22,0,0
2015-01-23,0,0
2015-01-27,0,0
2015-01-28,0,0
2015-01-29,0,0
2015-01-30,0,0
2015-02-02,0,0
2015-02-03,0,0
2015-02-04,0,0
2015-02-05,0,0
2015-02-06,0,0
2015-02-10,0,0
2015-02-11,0,0
2015-02-12,0,0
2015-02-13,0,0
2015-02-24,0,0
2015-02-25,0,0
2015-02-26,0,0
2015-03-02,0,0
2015-03-03,0,0
2015-03-04,0,0
2015-03-05,0,0
2015-03-06,0,0
2015-03-09,0,0
2015-03-10,0,0
2015-03-11,0,0
2015-03-12,0,0
2015-03-16,0,0
2015-03-17,0,0
2015-03-18,0,0
2015-03-19,0,0
2015-03-23,0,0
2015-03-24,0,0
2015-03-26,0,0
2015-03-27,0,0
2015-04-01,0,0
2015-04-02,0,0
2015-04-09,0,0
2015-04-10,0,0
2015-04-13,0,0
2015-04-15,0,0
2015-04-16,0,0
2015-04-17,0,0
2015-04-20,0,0
2015-04-21,0,0
2015-04-22,0,0
2015-04-23,0,0
2015-04-24,0,0
2015-04-27,0,0
2015-04-28,0,0
2015-04-29,0,0
2015-04-30,0,0
2015-05-05,0,0
2015-05-07,0,0
2015-05-08,0,0
2015-05-11,0,0
2015-05-12,0,0
2015-05-13,0,0
2015-05-14,0,0
2015-05-15,0,0
2015-05-19,0,0
2015-05-21,0,0
2015-05-22,0,0
2015-05-25,0,0
2015-05-26,0,0
2015-05-27,0,0
2015-05-28,0,0
2015-05-29,0,0
2015-06-01,0,0
2015-06-03,0,0
2015-06-04,0,0
2015-06-05,0,0
2015-06-08,0,0
2015-06-09,0,0
2015-06-10,0,0
2015-06-11,0,0
2015-06-16,0,0
2015-06-17,0,0
2015-06-23,0,0
2015-06-24,0,0
2015-06-25,0,0
2015-06-26,0,0
2015-06-29,0,0
2015-06-30,0,0
2015-07-01,0,0
2015-07-02,0,0
2015-07-03,0,0
2015-07-06,0,0
2015-07-07,0,0
2015-07-08,0,0
2015-07-09,0,0
2015-07-13,0,0
2015-07-14,0,0
2015-07-16,0,0
2015-07-17,0,0
2015-07-20,0,0
2015-07-21,0,0
2015-07-22,0,0
2015-07-23,0,0
2015-07-24,0,0
2015-07-27,0,0
2015-07-28,0,0
2015-07-29,0,0
2015-07-30,0,0
2015-08-03,0,0
2015-08-04,0,0
2015-08-05,0,0
2015-08-06,0,0
2015-08-10,0,0
2015-08-11,0,0
2015-08-12,0,0
2015-08-13,0,0
2015-08-14,0,0
2015-08-17,0,0
2015-08-18,0,0
2015-08-19,0,0
2015-08-20,0,0
2015-08-21,0,0
2015-08-24,0,0
2015-08-25,0,0
2015-08-26,0,0
2015-08-27,0,0
2015-08-28,0,0
2015-08-31,0,0
2015-09-01,0,0
2015-09-02,0,0
2015-09-03,0,0
2015-09-04,0,0
2015-09-07,0,0
2015-09-08,0,0
2015-09-09,0,0
2015-09-10,0,0
2015-09-11,0,0
2015-09-14,0,0
2015-09-15,0,0
2015-09-16,0,0
2015-09-17,0,0
2015-09-21,0,0
2015-09-22,0,0
2015-09-23,0,0
2015-09-24,0,0
2015-09-25,0,0
2015-09-30,0,0
2015-10-01,0,0
2015-10-02,0,0
2015-10-05,0,0
2015-10-06,0,0
2015-10-07,0,0
2015-10-08,0,0
2015-10-12,0,0
2015-10-13,0,0
2015-10-14,0,0
2015-10-15,0,0
2015-10-16,0,0
2015-10-19,0,0
2015-10-20,0,0
2015-10-21,0,0
2015-10-22,0,0
2015-10-23,0,0
2015-10-26,0,0
2015-10-27,0,0
2015-10-28,0,0
2015-10-29,0,0
2015-10-30,0,0
2015-11-02,0,0
2015-11-03,0,0
2015-11-04,0,0
2015-11-05,0,0
2015-11-06,0,0
2015-11-09,0,0
2015-11-10,0,0
2015-11-11,0,0
2015-11-13,0,0
2015-11-16,0,0
2015-11-17,0,0
2015-11-18,0,0
2015-11-19,0,0
2015-11-20,0,0
2015-11-23,0,0
2015-11-25,0,0
2015-11-26,0,0
2015-11-27,0,0
2015-11-30,0,0
2015-12-01,0,0
2015-12-02,0,0
2015-12-04,0,0
2015-12-07,0,0
2015-12-08,0,0
2015-12-09,0,0
2015-12-10,0,0
2015-12-11,0,0
2015-12-14,0,0
2015-12-15,0,0
2015-12-16,0,0
2015-12-17,0,0
2015-12-18,0,0
2015-12-23,0,0
2015-12-24,0,0
2015-12-25,0,0
2015-12-28,0,0
2015-12-30,0,0
2015-12-31,0,0
2016-01-05,0,0
2016-01-06,0,0
2016-01-07,0,0
2016-01-08,0,0
2016-01-11,0,0
2016-01-12,0,0
2016-01-13,0,0
2016-01-14,0,0
2016-01-15,0,0
2016-01-18,0,0
2016-01-19,0,0
2016-01-20,0,0
2016-01-21,0,0
2016-01-25,0,0
2016-01-26,0,0
2016-01-28,0,0
2016-01-29,0,0
2016-01-30,0,0
2016-02-01,0,0
2016-02-02,0,0
2016-02-03,0,0
2016-02-15,0,0
2016-02-16,0,0
2016-02-17,0,0
2016-02-19,0,0
2016-02-22,0,0
2016-02-25,0,0
2016-02-26,0,0
2016-03-01,0,0
2016-03-02,0,0
2016-03-03,0,0
2016-03-04,0,0
2016-03-07,0,0
2016-03-11,0,0
2016-03-14,0,0
2016-03-15,0,0
2016-03-16,0,0
2016-03-17,0,0
2016-03-21,49,126
2016-03-22,49,126
2016-03-25,49,126
2016-03-28,49,126
2016-03-29,49,126
2016-03-31,49,126
2016-04-01,49,126
2016-04-06,49,126
2016-04-07,49,126
2016-04-11,49,126
2016-04-12,49,126
2016-04-13,49,126
2016-04-19,49,126
2016-04-20,49,126
2016-04-21,49,126
2016-04-22,49,126
2016-04-25,49,126
2016-04-26,49,126
2016-04-28,49,126
2016-04-29,49,126
2016-05-03,49,126
2016-05-04,49,126
2016-05-05,49,126
2016-05-06,49,126
2016-05-09,49,126
2016-05-11,49,126
2016-05-12,49,125
2016-05-13,48,124
2016-05-17,48,124
2016-05-18,48,124
2016-05-19,48,124
2016-05-20,48,124
2016-05-23,48,124
2016-05-25,48,124
2016-05-26,48,124
2016-05-27,48,124
2016-05-30,48,124
2016-06-01,48,124
2016-06-02,48,124
2016-06-03,48,124
2016-06-07,48,124
2016-06-08,48,124
2016-06-13,48,124
2016-06-15,48,124
2016-06-23,48,124
2016-06-24,48,124
2016-06-27,48,124
2016-06-30,48,125
2016-07-01,48,125
2016-07-04,48,125
2016-07-06,48,125
2016-07-07,48,125
2016-07-11,48,125
2016-07-12,48,125
2016-07-13,48,125
2016-07-14,48,125
2016-07-15,48,125
2016-07-18,48,125
2016-07-20,48,125
2016-07-21,48,125
2016-07-22,48,125
2016-07-25,48,125
2016-07-26,48,125
2016-07-27,48,125
2016-07-28,48,125
2016-07-29,48,125
2016-08-01,48,125
2016-08-02,48,125
2016-08-04,47,124
2016-08-05,47,124
2016-08-08,47,124
2016-08-09,47,124
2016-08-10,47,124
2016-08-12,47,124
2016-08-15,47,124
2016-08-16,47,124
2016-08-18,47,124
2016-08-19,47,124
2016-08-22,47,124
2016-08-23,47,124
2016-08-24,47,124
2016-08-25,47,124
2016-08-26,47,124
2016-08-29,47,124
2016-08-30,47,124
2016-09-01,47,124
2016-09-05,47,124
2016-09-06,47,124
2016-09-07,47,124
2016-09-12,47,124
2016-09-19,47,124
2016-09-20,47,124
2016-09-21,47,124
2016-09-29,47,123
2016-10-05,47,123
2016-10-07,47,123
2016-10-11,47,123
2016-10-12,47,123
2016-10-13,47,123
2016-10-17,47,123
2016-10-19,47,123
2016-10-21,47,123
2016-10-24,47,123
2016-10-25,47,123
2016-10-26,47,124
2016-10-27,47,124
2016-10-28,47,124
2016-11-03,47,124
2016-11-07,47,124
2016-11-08,47,125
2016-11-09,47,125
2016-11-10,47,125
2016-11-11,47,125
2016-11-15,47,125
2016-11-18,47,125
2016-11-28,47,125
2016-11-30,47,125
2016-12-06,47,125
2016-12-08,47,125
2016-12-09,47,125
2016-12-12,47,125
2016-12-13,47,125
2016-12-14,47,125
2016-12-19,47,125
2016-12-23,47,125
2016-12-27,47,125
2016-12-28,47,125
2016-12-30,47,125
2017-01-03,47,125
2017-01-04,47,125
2017-01-05,47,125
2017-01-06,47,125
2017-01-09,47,125
2017-01-10,47,125
2017-01-11,47,125
2017-01-12,47,125
2017-01-16,47,125
2017-01-20,47,125
2017-01-23,47,125
2017-01-24,47,125
2017-02-02,47,125
2017-02-03,47,125
2017-02-06,47,125
2017-02-07,47,125
2017-02-08,47,125
2017-02-09,47,125
2017-02-10,47,125
2017-02-13,47,125
2017-02-14,47,125
2017-02-15,47,125
2017-02-16,47,125
2017-02-17,47,125
2017-02-18,47,125
2017-02-20,47,125
2017-02-21,47,125
2017-02-22,47,125
2017-02-23,47,125
2017-02-24,47,125
2017-03-01,47,125
2017-03-02,47,125
2017-03-03,47,125
2017-03-06,47,125
2017-03-07,47,125
2017-03-08,47,125
2017-03-09,47,125
2017-03-10,47,125
2017-03-13,47,125
2017-03-14,47,125
2017-03-15,47,125
2017-03-16,47,125
2017-03-17,47,125
2017-03-20,47,125
2017-03-21,47,125
2017-03-22,47,125
2017-03-23,47,124
2017-03-24,47,124
2017-03-27,47,124
2017-03-29,47,124
2017-03-30,47,124
2017-03-31,47,124
2017-04-05,47,124
2017-04-06,47,123
2017-04-07,47,123
2017-04-11,47,123
2017-04-13,47,123
2017-04-17,47,123
2017-04-18,47,123
2017-04-19,46,122
2017-04-20,46,121
2017-04-21,46,121
2017-04-24,46,121
2017-04-25,46,121
2017-04-26,46,121
2017-04-27,46,121
2017-05-03,46,121
2017-05-04,46,121
2017-05-05,46,121
2017-05-08,46,121
2017-05-10,46,121
2017-05-11,46,121
2017-05-15,46,121
2017-05-16,46,121
2017-05-17,46,121
2017-05-18,46,121
2017-05-23,46,121
2017-05-24,46,121
2017-05-25,46,121
2017-05-26,46,121
2017-06-01,46,122
2017-06-02,46,122
2017-06-03,46,122
2017-06-05,46,122
2017-06-06,46,122
2017-06-07,46,122
2017-06-08,46,122
2017-06-14,46,122
2017-06-16,46,122
2017-06-19,46,122
2017-06-20,46,122
2017-06-21,46,122
2017-06-23,46,122
2017-06-26,46,122
2017-06-27,46,122
2017-06-28,46,122
2017-06-29,46,122
2017-06-30,46,122
2017-07-03,46,122
2017-07-04,46,122
2017-07-05,46,122
2017-07-06,46,122
2017-07-07,46,122
2017-07-12,46,122
2017-07-13,46,122
2017-07-14,46,122
2017-07-17,46,122
2017-07-18,46,122
2017-07-19,46,122
2017-07-20,46,122
2017-07-21,46,122
2017-07-24,46,122
2017-07-26,46,122
2017-07-27,44,120
2017-07-28,44,120
2017-07-31,44,120
2017-08-02,44,120
2017-08-03,44,120
2017-08-04,44,120
2017-08-07,44,120
2017-08-08,44,120
2017-08-09,44,120
2017-08-10,44,120
2017-08-11,44,120
2017-08-14,44,120
2017-08-15,44,119
2017-08-16,44,120
2017-08-17,44,120
2017-08-18,44,120
2017-08-22,44,120
2017-08-23,44,120
2017-08-24,44,120
2017-08-25,44,120
2017-08-28,44,120
2017-08-29,44,120
2017-08-30,44,120
2017-09-01,44,120
2017-09-05,44,120
2017-09-06,44,120
2017-09-07,44,120
2017-09-08,44,120
2017-09-11,44,120
2017-09-12,44,120
2017-09-13,44,120
2017-09-14,44,120
2017-09-15,44,120
2017-09-18,44,120
2017-09-19,44,120
2017-09-20,44,120
2017-09-21,44,120
2017-09-22,44,120
2017-09-25,44,121
2017-09-26,45,122
2017-09-27,45,122
2017-09-28,45,122
2017-09-29,45,122
2017-09-30,45,122
2017-10-02,45,122
2017-10-05,45,122
2017-10-06,45,122
2017-10-11,45,122
2017-10-12,45,122
2017-10-13,45,122
2017-10-16,45,122
2017-10-17,45,122
2017-10-19,45,121
2017-10-20,45,121
2017-10-23,45,121
2017-10-24,45,121
2017-10-26,45,121
2017-10-27,45,121
2017-10-30,45,121
2017-10-31,45,121
2017-11-01,45,121
2017-11-03,45,121
2017-11-06,45,121
2017-11-07,45,121
2017-11-08,45,121
2017-11-09,45,121
2017-11-10,45,121
2017-11-13,45,121
2017-11-15,45,121
2017-11-16,45,121
2017-11-17,45,121
2017-11-20,45,121
2017-11-21,45,121
2017-11-22,45,121
2017-11-23,45,121
2017-11-24,45,121
2017-11-27,45,121
2017-11-28,45,121
2017-11-29,45,121
2017-11-30,45,121
2017-12-01,45,121
2017-12-04,45,121
2017-12-05,45,121
2017-12-06,45,121
2017-12-07,45,121
2017-12-08,45,121
2017-12-12,45,121
2017-12-14,45,121
2017-12-15,45,122
2017-12-18,45,122
2017-12-19,45,122
2017-12-21,45,122
2017-12-22,45,122
2017-12-26,45,122
2017-12-27,45,122
2017-12-29,45,122
2018-01-02,45,122
2018-01-03,45,122
2018-01-04,45,122
2018-01-05,45,122
2018-01-08,45,122
2018-01-09,45,122
2018-01-10,45,122
2018-01-11,45,122
2018-01-12,45,123
2018-01-15,45,123
2018-01-16,45,124
2018-01-17,45,124
2018-01-18,45,124
2018-01-19,45,124
2018-01-22,45,124
2018-01-23,45,124
2018-01-24,45,124
2018-01-25,45,124
2018-01-26,45,124
2018-01-29,45,124
2018-01-30,45,125
2018-01-31,45,125
2018-02-01,45,125
2018-02-02,45,125
2018-02-05,45,125
2018-02-06,45,125
2018-02-07,45,125
2018-02-08,45,125
2018-02-09,45,125
2018-02-12,45,125
2018-02-21,45,125
2018-02-22,45,125
2018-02-23,45,125
2018-02-26,45,125
2018-02-27,45,125
2018-03-01,45,125
2018-03-05,45,125
2018-03-06,45,125
2018-03-07,45,125
2018-03-12,45,125
2018-03-13,45,125
2018-03-14,45,125
2018-03-16,45,125
2018-03-19,45,125
2018-03-20,45,125
2018-03-21,45,125
2018-03-23,45,125
2018-03-26,45,125
2018-03-27,45,125
2018-03-28,45,125
2018-03-29,45,125
2018-03-30,45,125
2018-04-02,45,125
2018-04-03,45,125
2018-04-09,45,125
2018-04-10,45,125
2018-04-11,45,125
2018-04-13,45,125
2018-04-16,45,125
2018-04-17,45,125
2018-04-18,45,125
2018-04-19,45,125
2018-04-20,45,125
2018-04-23,45,125
2018-04-24,45,125
2018-04-25,45,125
2018-04-26,45,125
2018-04-27,45,125
2018-04-30,45,125
2018-05-02,45,125
2018-05-03,45,125
2018-05-04,45,125
2018-05-07,45,125
2018-05-08,45,125
2018-05-09,45,125
2018-05-10,45,125
2018-05-11,45,125
2018-05-14,45,125
2018-05-15,45,125
2018-05-16,45,125
2018-05-17,45,125
2018-05-18,45,125
2018-05-21,45,125
2018-05-22,45,125
2018-05-23,45,125
2018-05-24,45,126
2018-05-25,45,126
2018-05-28,45,126
2018-05-29,45,126
2018-05-30,45,126
2018-05-31,45,127
2018-06-01,45,127
2018-06-04,45,127
2018-06-05,45,127
2018-06-06,45,127
2018-06-07,45,127
2018-06-08,45,127
2018-06-11,45,128
2018-06-12,45,128
2018-06-13,45,128
2018-06-14,45,128
2018-06-15,45,128
2018-06-19,45,128
2018-06-20,45,128
2018-06-21,46,129
2018-06-22,46,129
2018-06-25,46,129
2018-06-26,46,129
2018-06-27,46,129
2018-06-28,46,129
2018-06-29,45,129
2018-07-02,45,129
2018-07-03,45,129
2018-07-04,45,129
2018-07-05,45,129
2018-07-06,45,129
2018-07-09,45,129
2018-07-10,45,129
2018-07-11,45,129
2018-07-12,45,129
2018-07-13,45,129
2018-07-16,45,129
2018-07-17,45,129
2018-07-18,45,129
2018-07-19,45,129
2018-07-20,45,129
2018-07-23,45,129
2018-07-24,45,129
2018-07-25,45,129
2018-07-26,45,129
2018-07-27,45,129
2018-07-30,45,129
2018-07-31,45,129
2018-08-01,45,129
2018-08-02,45,129
2018-08-03,45,129
2018-08-06,45,129
2018-08-07,45,128
2018-08-08,45,128
2018-08-09,45,128
2018-08-10,45,128
2018-08-13,45,128
2018-08-14,45,128
2018-08-15,45,128
2018-08-16,45,128
2018-08-17,45,128
2018-08-20,45,128
2018-08-21,45,128
2018-08-22,45,128
2018-08-23,45,128
2018-08-24,45,128
2018-08-27,45,128
2018-08-28,45,128
2018-08-29,45,128
2018-08-30,45,128
2018-08-31,45,128
2018-09-03,45,128
2018-09-04,47,130
2018-09-05,47,130
2018-09-06,47,130
2018-09-07,47,130
2018-09-10,47,130
2018-09-11,47,130
2018-09-12,47,130
2018-09-13,47,129
2018-09-14,47,129
2018-09-17,47,129
2018-09-18,47,129
2018-09-19,47,129
2018-09-20,47,128
2018-09-21,47,128
2018-09-25,47,128
2018-09-26,47,128
2018-09-27,47,128
2018-09-28,47,128
2018-10-01,47,128
2018-10-02,47,128
2018-10-03,47,128
2018-10-04,47,128
2018-10-05,47,128
2018-10-08,47,128
2018-10-09,47,128
2018-10-11,47,128
2018-10-12,47,128
2018-10-15,47,128
2018-10-16,47,128
2018-10-17,47,128
2018-10-18,46,127
2018-10-19,46,127
2018-10-22,46,127
2018-10-23,46,128
2018-10-24,46,128
2018-10-25,46,128
2018-10-26,46,128
2018-10-29,46,128
2018-10-30,46,128
2018-10-31,46,128
2018-11-01,46,128
2018-11-02,46,128
2018-11-05,46,128
2018-11-06,46,128
2018-11-07,46,128
2018-11-08,46,128
2018-11-09,46,128
2018-11-12,46,128
2018-11-13,46,128
2018-11-14,46,128
2018-11-15,46,128
2018-11-16,46,128
2018-11-19,46,128
2018-11-20,46,128
2018-11-21,46,128
2018-11-22,46,128
2018-11-23,46,128
2018-11-26,46,129
2018-11-27,46,129
2018-11-28,46,129
2018-11-29,46,128
2018-11-30,46,128
2018-12-03,46,128
2018-12-04,46,128
2018-12-05,46,128
2018-12-06,46,128
2018-12-07,46,128
2018-12-10,46,128
2018-12-11,46,128
2018-12-12,46,128
2018-12-13,46,128
2018-12-14,46,128
2018-12-17,46,128
2018-12-18,46,128
2018-12-19,46,128
2018-12-20,46,128
2018-12-21,46,128
2018-12-22,46,128
2018-12-24,46,128
2018-12-25,46,128
2018-12-26,46,128
2018-12-27,46,128
2018-12-28,46,128
2019-01-02,46,128
2019-01-03,46,128
2019-01-04,46,128
2019-01-07,46,128
2019-01-08,46,128
2019-01-09,46,128
2019-01-10,46,128
2019-01-11,46,128
2019-01-14,46,128
2019-01-15,46,128
2019-01-16,46,128
2019-01-17,46,128
2019-01-18,46,128
2019-01-21,46,128
2019-01-22,46,128
2019-01-23,46,128
2019-01-24,46,128
2019-01-25,46,128
2019-01-28,46,128
2019-01-29,46,128
2019-01-30,46,128
2019-02-11,46,128
2019-02-12,46,128
2019-02-13,46,128
2019-02-14,46,128
2019-02-15,46,128
2019-02-18,46,128
2019-02-19,46,128
2019-02-20,46,128
2019-02-21,46,128
2019-02-22,46,128
2019-02-25,46,128
2019-02-26,46,128
2019-02-27,46,128
2019-03-04,46,128
2019-03-05,46,128
2019-03-06,46,128
2019-03-07,46,128
2019-03-08,46,128
2019-03-11,46,128
2019-03-12,46,128
2019-03-13,46,128
2019-03-14,46,128
2019-03-15,46,128
2019-03-18,46,128
2019-03-19,46,128
2019-03-20,46,128
2019-03-21,46,128
2019-03-22,46,128
2019-03-25,46,128
2019-03-26,46,128
2019-03-27,46,128
2019-03-28,46,128
2019-03-29,46,128
2019-04-01,46,128
2019-04-02,46,128
2019-04-03,46,128
2019-04-08,46,128
2019-04-09,46,128
2019-04-10,46,128
2019-04-11,46,128
2019-04-12,46,128
2019-04-15,46,128
2019-04-16,46,128
2019-04-17,46,128
2019-04-18,46,128
2019-04-19,46,128
2019-04-22,46,128
2019-04-23,46,128
2019-04-24,46,128
2019-04-25,46,128
2019-04-26,46,128
2019-04-29,46,128
2019-04-30,46,128
2019-05-02,46,128
2019-05-03,46,128
2019-05-06,46,128
2019-05-07,46,128
2019-05-08,46,128
2019-05-09,46,128
2019-05-10,47,129
2019-05-13,47,129
2019-05-14,47,128
2019-05-15,47,128
2019-05-16,47,128
2019-05-17,47,128
2019-05-20,47,128
2019-05-21,47,128
2019-05-22,47,128
2019-05-23,47,128
2019-05-24,47,128
2019-05-27,47,128
2019-05-28,47,128
2019-05-29,47,128
2019-05-30,47,128
2019-05-31,47,128
2019-06-03,48,129
2019-06-04,48,129
2019-06-05,48,129
2019-06-06,48,129
2019-06-10,48,129
2019-06-11,48,129
2019-06-12,48,129
2019-06-13,48,129
2019-06-14,48,129
2019-06-17,48,129
2019-06-18,48,129
2019-06-19,48,129
2019-06-20,48,129
2019-06-21,48,129
2019-06-24,48,129
2019-06-25,48,129
2019-06-26,48,129
2019-06-27,48,129
2019-06-28,48,129
2019-07-01,48,129
2019-07-02,48,129
2019-07-03,48,129
2019-07-04,48,129
2019-07-05,48,129
2019-07-08,48,129
2019-07-09,48,129
2019-07-10,48,129
2019-07-11,49,130
2019-07-12,49,130
2019-07-15,49,130
2019-07-16,49,130
2019-07-17,49,130
2019-07-18,49,130
2019-07-19,49,130
2019-07-22,49,130
2019-07-23,49,130
2019-07-24,49,130
2019-07-25,49,130
2019-07-26,49,130
2019-07-29,49,130
2019-07-30,49,130
2019-07-31,49,130
2019-08-01,49,130
2019-08-02,49,130
2019-08-05,49,130
2019-08-06,49,130
2019-08-07,49,130
2019-08-08,49,130
2019-08-12,49,130
2019-08-13,49,130
2019-08-14,49,130
2019-08-15,49,130
2019-08-16,49,130
2019-08-19,49,130
2019-08-20,49,131
2019-08-21,49,131
2019-08-22,49,131
2019-08-23,49,131
2019-08-26,49,131
2019-08-27,49,131
2019-08-28,49,131
2019-08-29,49,131
2019-08-30,49,131
2019-09-02,49,131
2019-09-03,49,131
2019-09-04,49,131
2019-09-05,49,131
2019-09-06,49,131
2019-09-09,49,131
2019-09-10,49,131
2019-09-11,49,131
2019-09-12,49,131
2019-09-16,49,131
2019-09-17,49,131
2019-09-18,49,131
2019-09-19,49,131
2019-09-20,49,131
2019-09-23,49,131
2019-09-24,49,131
2019-09-25,49,131
2019-09-26,49,131
2019-09-27,49,131
2019-10-01,49,131
2019-10-02,49,131
2019-10-03,49,131
2019-10-04,49,131
2019-10-07,49,131
2019-10-08,49,132
2019-10-09,49,132
2019-10-14,49,132
2019-10-15,49,132
2019-10-16,49,133
2019-10-17,49,133
2019-10-18,49,134
2019-10-21,49,134
2019-10-22,49,134
2019-10-23,49,134
2019-10-24,49,134
2019-10-25,49,134
2019-10-28,49,134
2019-10-29,49,134
2019-10-30,49,134
2019-10-31,49,134
2019-11-01,49,134
2019-11-04,49,135
2019-11-05,49,135
2019-11-06,49,135
2019-11-07,49,135
2019-11-08,49,135
2019-11-11,50,136
2019-11-12,49,134
2019-11-13,49,134
2019-11-14,49,134
2019-11-15,49,134
2019-11-18,49,134
2019-11-19,49,134
2019-11-20,49,134
2019-11-21,49,134
2019-11-22,49,134
2019-11-25,49,134
2019-11-26,49,134
2019-11-27,49,134
2019-11-28,49,134
2019-11-29,49,134
2019-12-02,49,134
2019-12-03,49,134
2019-12-04,49,134
2019-12-05,49,134
2019-12-06,49,134
2019-12-09,49,134
2019-12-10,49,134
2019-12-11,49,134
2019-12-12,49,134
2019-12-13,49,134
2019-12-16,49,134
2019-12-17,49,134
2019-12-18,49,134
2019-12-19,49,134
2019-12-20,49,134
2019-12-23,49,134
2019-12-24,49,135
2019-12-25,49,135
2019-12-26,49,135
2019-12-27,49,135
2019-12-30,49,135
2019-12-31,49,135
2020-01-02,49,135
2020-01-03,49,135
2020-01-06,49,135
2020-01-07,49,135
2020-01-08,49,135
2020-01-09,49,135
2020-01-10,49,135
2020-01-13,49,135
2020-01-14,49,135
2020-01-15,49,135
2020-01-16,49,135
2020-01-17,49,135
2020-01-20,49,135
2020-01-30,49,135
2020-01-31,49,135
2020-02-03,49,135
2020-02-04,49,135
2020-02-05,49,135
2020-02-06,49,135
2020-02-07,49,135
2020-02-10,49,135
2020-02-11,49,135
2020-02-12,49,135
2020-02-13,49,135
2020-02-14,49,135
2020-02-17,49,135
2020-02-18,49,135
2020-02-19,49,135
2020-02-20,49,135
2020-02-21,49,133
2020-02-24,49,133
2020-02-25,49,133
2020-02-26,49,133
2020-02-27,49,133
2020-03-02,49,133
2020-03-03,49,133
2020-03-04,49,133
2020-03-05,49,133
2020-03-06,49,133
2020-03-09,49,133
2020-03-10,49,132
2020-03-11,49,132
2020-03-12,49,132
2020-03-13,49,132
2020-03-16,49,132
2020-03-17,49,132
2020-03-18,49,132
2020-03-19,49,132
2020-03-20,49,132
2020-03-23,49,132
2020-03-24,49,132
2020-03-25,49,132
2020-03-26,49,132
2020-03-27,49,132
2020-03-30,49,132
2020-03-31,49,132
2020-04-01,49,131
2020-04-06,49,131
2020-04-07,49,131
2020-04-08,49,131
2020-04-09,49,131
2020-04-10,49,132
2020-04-13,49,132
2020-04-14,49,132
2020-04-15,49,132
2020-04-16,49,132
2020-04-17,49,132
2020-04-20,49,132
2020-04-21,49,132
2020-04-22,49,132
2020-04-23,49,132
2020-04-24,49,132
2020-04-27,49,132
2020-04-28,49,132
2020-04-29,49,132
2020-04-30,49,132
2020-05-04,49,132
2020-05-05,49,132
2020-05-06,49,132
2020-05-07,49,132
2020-05-08,49,132
2020-05-11,49,132
2020-05-12,49,132
2020-05-13,49,132
2020-05-14,49,132
2020-05-15,49,132
2020-05-18,49,132
2020-05-19,49,132
2020-05-20,49,132
2020-05-21,49,132
2020-05-22,49,132
2020-05-25,49,132
2020-05-26,49,132
2020-05-27,49,133
2020-05-28,49,133
2020-05-29,49,133
2020-06-01,49,133
2020-06-02,49,133
2020-06-03,49,133
2020-06-04,49,133
2020-06-05,49,133
2020-06-08,49,133
2020-06-09,49,133
2020-06-10,49,133
2020-06-11,49,133
2020-06-12,49,133
2020-06-15,49,133
2020-06-16,49,133
2020-06-17,49,133
2020-06-18,49,133
2020-06-19,49,133
2020-06-22,49,133
2020-06-23,49,133
2020-06-24,49,133
2020-06-29,49,133
2020-06-30,49,133
2020-07-01,49,133
2020-07-02,49,133
2020-07-03,49,133
2020-07-06,49,133
2020-07-07,49,133
2020-07-08,49,133
2020-07-09,49,133
2020-07-10,49,133
2020-07-13,49,133
2020-07-14,49,133
2020-07-15,49,133
2020-07-16,49,133
2020-07-17,49,133
2020-07-20,49,133
2020-07-21,49,133
2020-07-22,49,133
2020-07-23,49,133
2020-07-24,49,133
2020-07-27,49,133
2020-07-28,49,133
2020-07-29,49,133
2020-07-30,49,133
2020-07-31,49,133
2020-08-03,49,133
2020-08-04,49,133
2020-08-05,49,133
2020-08-06,49,132
2020-08-07,49,132
2020-08-10,49,132
2020-08-11,49,132
2020-08-12,49,132
2020-08-13,48,131
2020-08-14,48,131
2020-08-17,48,131
2020-08-18,47,130
2020-08-19,47,130
2020-08-20,47,130
2020-08-21,47,130
2020-08-24,47,130
2020-08-25,47,130
2020-08-26,47,130
2020-08-27,47,130
2020-08-28,47,130
2020-08-31,47,130
2020-09-01,47,130
2020-09-02,47,130
2020-09-03,47,130
2020-09-04,47,130
2020-09-07,47,130
2020-09-08,47,130
2020-09-09,47,130
2020-09-10,47,130
2020-09-11,47,130
2020-09-14,47,130
2020-09-15,47,130
2020-09-16,47,130
2020-09-17,47,130
2020-09-18,47,130
2020-09-21,47,130
2020-09-22,47,130
2020-09-23,47,130
2020-09-24,47,130
2020-09-25,47,130
2020-09-28,47,130
2020-09-29,47,130
2020-09-30,47,130
2020-10-05,47,130
2020-10-06,47,130
2020-10-07,47,130
2020-10-08,47,130
2020-10-12,47,130
2020-10-13,47,130
2020-10-14,47,130
2020-10-15,47,130
2020-10-16,47,130
2020-10-19,47,130
2020-10-20,47,130
2020-10-21,47,130
2020-10-22,47,130
2020-10-23,47,130
2020-10-26,47,130
2020-10-27,47,130
2020-10-28,47,130
2020-10-29,47,130
2020-10-30,47,130
2020-11-02,47,130
2020-11-03,47,130
2020-11-04,47,130
2020-11-05,47,130
2020-11-06,47,130
2020-11-09,47,130
2020-11-10,47,130
2020-11-11,47,130
2020-11-12,47,130
2020-11-13,47,130
2020-11-16,47,130
2020-11-17,47,130
2020-11-18,47,130
2020-11-19,47,130
2020-11-20,47,130
2020-11-23,47,130
2020-11-24,48,132
2020-11-25,48,132
2020-11-26,48,132
2020-11-27,48,132
2020-11-30,48,132
2020-12-01,48,132
2020-12-02,48,132
2020-12-03,48,132
2020-12-04,48,132
2020-12-07,48,132
2020-12-08,48,132
2020-12-09,48,132
2020-12-10,48,132
2020-12-11,48,132
2020-12-14,48,132
2020-12-15,48,132
2020-12-16,48,132
2020-12-17,48,132
2020-12-18,48,132
2020-12-21,48,132
2020-12-22,48,132
2020-12-23,48,132
2020-12-24,48,132
2020-12-25,48,132
2020-12-28,48,132
2020-12-29,48,132
2020-12-30,48,132
2020-12-31,48,132
2021-01-04,48,132
2021-01-05,48,132
2021-01-06,48,132
2021-01-07,48,132
2021-01-08,48,132
2021-01-11,48,132
2021-01-12,48,132
2021-01-13,48,132
2021-01-14,48,132
2021-01-15,48,132
2021-01-18,48,132
2021-01-19,48,132
2021-01-20,48,132
2021-01-21,48,132
2021-01-22,48,132
2021-01-25,48,132
2021-01-26,48,132
2021-01-27,48,132
2021-01-28,48,132
2021-01-29,48,132
2021-02-01,48,132
2021-02-02,48,132
2021-02-03,48,132
2021-02-04,48,132
2021-02-05,48,132
2021-02-17,48,132
2021-02-18,48,132
2021-02-19,48,132
2021-02-22,48,132
2021-02-23,48,132
2021-02-24,48,132
2021-02-25,48,132
2021-02-26,48,132
2021-03-02,48,132
2021-03-03,48,132
2021-03-04,48,132
2021-03-05,48,132
2021-03-08,48,134
2021-03-09,48,134
2021-03-10,48,134
2021-03-11,48,134
2021-03-12,48,134
2021-03-15,48,134
2021-03-16,48,134
2021-03-17,48,134
2021-03-18,48,134
2021-03-19,48,134
2021-03-22,48,134
2021-03-23,48,135
2021-03-24,48,135
2021-03-25,48,135
2021-03-26,48,135
2021-03-29,48,135
2021-03-30,48,135
2021-03-31,48,135
2021-04-01,48,135
2021-04-06,48,135
2021-04-07,48,135
2021-04-08,48,135
2021-04-09,48,135
2021-04-12,48,135
2021-04-13,48,135
2021-04-14,48,135
2021-04-15,48,135
2021-04-16,48,135
2021-04-19,48,135
2021-04-20,48,135
2021-04-21,48,135
2021-04-22,48,135
2021-04-23,48,135
2021-04-26,48,135
2021-04-27,48,135
2021-04-28,48,135
2021-04-29,48,135
2021-05-03,48,135
2021-05-04,48,135
2021-05-05,48,135
2021-05-06,48,135
2021-05-07,48,135
2021-05-10,48,135
2021-05-11,48,135
2021-05-12,48,135
2021-05-13,48,135
2021-05-14,48,135
2021-05-17,48,135
2021-05-18,48,135
2021-05-19,48,135
2021-05-20,48,135
2021-05-21,48,135
2021-05-24,48,135
2021-05-25,48,135
2021-05-26,48,135
2021-05-27,48,135
2021-05-28,48,135
2021-05-31,48,135
2021-06-01,48,135
2021-06-02,48,135
2021-06-03,48,135
2021-06-04,48,135
2021-06-07,48,135
2021-06-08,48,135
2021-06-09,48,135
2021-06-10,48,135
2021-06-11,48,135
2021-06-15,48,135
2021-06-16,48,135
2021-06-17,48,135
2021-06-18,48,135
2021-06-21,48,135
2021-06-22,48,135
2021-06-23,48,135
2021-06-24,48,135
2021-06-25,48,135
2021-06-28,48,135
2021-06-29,48,135
2021-06-30,47,134
2021-07-01,47,134
2021-07-02,47,134
2021-07-05,47,134
2021-07-06,47,134
2021-07-07,47,134
2021-07-08,47,134
2021-07-09,47,134
2021-07-12,47,134
2021-07-13,47,134
2021-07-14,47,134
2021-07-15,47,134
2021-07-16,47,134
2021-07-19,47,134
2021-07-20,47,134
2021-07-21,47,134
2021-07-22,47,134
2021-07-23,47,134
2021-07-26,47,134
2021-07-27,47,134
2021-07-28,47,134
2021-07-29,47,134
2021-07-30,47,134
2021-08-02,47,134
2021-08-03,47,134
2021-08-04,47,134
2021-08-05,47,134
2021-08-06,47,134
2021-08-09,47,134
2021-08-10,47,134
2021-08-11,47,134
2021-08-12,47,134
2021-08-13,47,134
2021-08-16,47,134
2021-08-17,47,134
2021-08-18,47,135
2021-08-19,47,135
2021-08-20,47,135
2021-08-23,47,135
2021-08-24,47,135
2021-08-25,48,136
2021-08-26,48,136
2021-08-27,48,136
2021-08-30,49,137
2021-08-31,49,137
2021-09-01,49,137
2021-09-02,49,137
2021-09-03,49,137
2021-09-06,49,137
2021-09-07,49,137
2021-09-08,49,137
2021-09-09,49,137
2021-09-10,49,137
2021-09-13,49,137
2021-09-14,49,137
2021-09-15,49,137
2021-09-16,49,137
2021-09-17,49,137
2021-09-22,49,137
2021-09-23,49,137
2021-09-24,49,137
2021-09-27,49,137
2021-09-28,49,137
2021-09-29,49,137
2021-09-30,49,137
2021-10-01,49,136
2021-10-04,49,136
2021-10-05,49,136
2021-10-06,49,136
2021-10-07,49,135
2021-10-08,49,135
2021-10-12,49,135
2021-10-13,49,135
2021-10-14,49,135
2021-10-15,49,135
2021-10-18,49,135
2021-10-19,49,135
2021-10-20,49,135
2021-10-21,49,135
2021-10-22,49,135
2021-10-25,49,135
2021-10-26,49,135
2021-10-27,49,135
2021-10-28,49,135
2021-10-29,49,135
2021-11-01,49,135
2021-11-02,49,135
2021-11-03,49,135
2021-11-04,49,135
2021-11-05,49,135
2021-11-08,49,135
2021-11-09,49,135
2021-11-10,49,135
2021-11-11,49,135
2021-11-12,49,135
2021-11-15,49,135
2021-11-16,49,135
2021-11-17,49,135
2021-11-18,49,135
2021-11-19,49,135
2021-11-22,49,135
2021-11-23,49,135
2021-11-24,49,135
2021-11-25,49,135
2021-11-26,49,135
2021-11-29,49,135
2021-11-30,49,135
2021-12-01,49,135
2021-12-02,49,135
2021-12-03,49,135
2021-12-06,49,135
2021-12-07,49,135
2021-12-08,49,135
2021-12-09,49,135
2021-12-10,49,135
2021-12-13,49,135
2021-12-14,49,135
2021-12-15,49,135
2021-12-16,49,135
2021-12-17,49,135
2021-12-20,49,135
2021-12-21,49,135
2021-12-22,49,135
2021-12-23,49,135
2021-12-24,49,135
2021-12-27,49,135
2021-12-28,49,135
2021-12-29,49,135
2021-12-30,49,135
2022-01-03,49,135
2022-01-04,49,135
2022-01-05,49,135
2022-01-06,49,135
2022-01-07,49,135
2022-01-10,49,135
2022-01-11,49,135
2022-01-12,49,135
2022-01-13,49,135
2022-01-14,49,135
2022-01-17,49,135
2022-01-18,49,135
2022-01-19,49,135
2022-01-20,49,135
2022-01-21,49,135
2022-01-24,49,135
2022-01-25,49,135
2022-01-26,49,135
2022-02-07,49,135
2022-02-08,49,135
2022-02-09,49,136
2022-02-10,49,136
2022-02-11,49,136
2022-02-14,49,136
2022-02-15,49,136
2022-02-16,49,136
2022-02-17,49,136
2022-02-18,49,136
2022-02-21,49,136
2022-02-22,48,135
2022-02-23,48,135
2022-02-24,48,135
2022-02-25,48,135
2022-03-01,48,135
2022-03-02,48,135
2022-03-03,48,135
2022-03-04,48,135
2022-03-07,48,135
2022-03-08,48,135
2022-03-09,48,135
2022-03-10,48,135
2022-03-11,48,135
2022-03-14,48,135
2022-03-15,48,135
2022-03-16,48,135
2022-03-17,48,135
2022-03-18,48,135
2022-03-21,48,135
2022-03-22,48,135
2022-03-23,48,135
2022-03-24,48,135
2022-03-25,48,135
2022-03-28,48,135
2022-03-29,48,135
2022-03-30,48,135
2022-03-31,48,135
2022-04-01,48,135
2022-04-06,48,135
2022-04-07,48,135
2022-04-08,48,135
2022-04-11,48,135
2022-04-12,48,135
2022-04-13,48,134
2022-04-14,48,134
2022-04-15,48,134
2022-04-18,48,134
2022-04-19,48,134
2022-04-20,48,134
2022-04-21,48,134
2022-04-22,48,134
2022-04-25,48,134
2022-04-26,48,134
2022-04-27,48,134
2022-04-28,48,134
2022-04-29,48,134
2022-05-03,48,134
2022-05-04,48,134
2022-05-05,48,134
2022-05-06,48,134
2022-05-09,48,134
2022-05-10,48,134
2022-05-11,48,134
2022-05-12,48,134
2022-05-13,48,134
2022-05-16,48,134
2022-05-17,48,134
2022-05-18,48,134
2022-05-19,48,134
2022-05-20,48,134
2022-05-23,48,134
2022-05-24,48,134
2022-05-25,48,134
2022-05-26,48,134
2022-05-27,48,134
2022-05-30,48,134
2022-05-31,48,134
2022-06-01,48,134
2022-06-02,48,134
2022-06-06,48,134
2022-06-07,48,134
2022-06-08,48,134
2022-06-09,48,134
2022-06-10,48,134
2022-06-13,48,134
2022-06-14,48,134
2022-06-15,48,134
2022-06-16,48,134
2022-06-17,48,134
2022-06-20,48,134
2022-06-21,48,134
2022-06-22,48,134
2022-06-23,48,134
2022-06-24,48,134
2022-06-27,48,134
2022-06-28,48,134
2022-06-29,48,134
2022-06-30,48,134
2022-07-01,48,134
2022-07-04,48,134
2022-07-05,48,134
2022-07-06,48,133
2022-07-07,48,133
2022-07-08,48,133
2022-07-11,48,133
2022-07-12,49,134
2022-07-13,49,134
2022-07-14,49,134
2022-07-15,49,134
2022-07-18,49,134
2022-07-19,49,134
2022-07-20,49,134
2022-07-21,49,134
2022-07-22,49,134
2022-07-25,49,134
2022-07-26,49,134
2022-07-27,49,134
2022-07-28,49,134
2022-07-29,49,134
2022-08-01,49,134
2022-08-02,49,134
2022-08-03,49,134
2022-08-04,49,134
2022-08-05,49,134
2022-08-08,49,134
2022-08-09,49,134
2022-08-10,49,134
2022-08-11,49,134
2022-08-12,49,134
2022-08-15,49,134
2022-08-16,49,134
2022-08-17,49,134
2022-08-18,49,134
2022-08-19,49,134
2022-08-22,49,134
2022-08-23,49,134
2022-08-24,49,134
2022-08-25,49,134
2022-08-26,49,134
2022-08-29,49,134
2022-08-30,49,134
2022-08-31,49,134
2022-09-01,49,134
2022-09-02,49,134
2022-09-05,49,134
2022-09-06,49,134
2022-09-07,48,131
2022-09-08,48,131
2022-09-12,48,131
2022-09-13,48,131
2022-09-14,48,131
2022-09-15,48,131
2022-09-16,48,131
2022-09-19,48,131
2022-09-20,48,131
2022-09-21,48,131
2022-09-22,48,131
2022-09-23,48,131
2022-09-26,48,131
2022-09-27,48,131
2022-09-28,48,131
2022-09-29,47,129
2022-09-30,47,129
2022-10-03,47,129
2022-10-04,47,129
2022-10-05,47,129
2022-10-06,47,129
2022-10-07,47,129
2022-10-11,47,129
2022-10-12,47,129
2022-10-13,47,130
2022-10-14,47,130
2022-10-17,47,130
2022-10-18,47,130
2022-10-19,47,130
2022-10-20,46,129
2022-10-21,46,129
2022-10-24,46,129
2022-10-25,46,129
2022-10-26,46,130
2022-10-27,46,130
2022-10-28,46,130
2022-10-31,46,130
2022-11-01,46,130
2022-11-02,46,130
2022-11-03,46,130
2022-11-04,46,130
2022-11-07,46,130
2022-11-08,46,130
2022-11-09,46,130
2022-11-10,46,130
2022-11-11,46,130
2022-11-14,46,130
2022-11-15,46,130
2022-11-16,46,130
2022-11-17,46,130
2022-11-18,46,130
2022-11-21,46,130
2022-11-22,46,130
2022-11-23,46,130
2022-11-24,46,130
2022-11-25,46,130
2022-11-28,46,130
2022-11-29,46,130
2022-11-30,46,130
2022-12-01,46,130
2022-12-02,46,130
2022-12-05,46,130
2022-12-06,46,130
2022-12-07,46,130
2022-12-08,46,130
2022-12-09,46,130
2022-12-12,46,130
2022-12-13,46,130
2022-12-14,46,131
2022-12-15,46,131
2022-12-16,46,131
2022-12-19,46,131
2022-12-20,46,131
2022-12-21,46,131
2022-12-22,46,131
2022-12-23,46,131
2022-12-26,46,131
2022-12-27,46,131
2022-12-28,46,131
2022-12-29,46,131
2022-12-30,46,131
2023-01-03,46,131
2023-01-04,46,131
2023-01-05,46,131
2023-01-06,46,131
2023-01-09,46,131
2023-01-10,46,131
2023-01-11,46,131
2023-01-12,46,131
2023-01-13,46,131
2023-01-16,46,131
2023-01-17,46,131
2023-01-30,46,131
2023-01-31,46,131
2023-02-01,46,131
2023-02-02,46,131
2023-02-03,46,131
2023-02-06,46,131
2023-02-07,46,131
2023-02-08,46,131
2023-02-09,46,131
2023-02-10,46,131
2023-02-13,46,131
2023-02-14,46,131
2023-02-15,46,131
2023-02-16,46,131
2023-02-17,46,131
2023-02-20,46,131
2023-02-21,46,131
2023-02-22,46,131
2023-02-23,46,131
2023-02-24,46,131
2023-03-01,46,131
2023-03-02,46,131
2023-03-03,46,131
2023-03-06,46,131
2023-03-07,46,131
2023-03-08,47,132
2023-03-09,47,132
2023-03-10,47,132
2023-03-13,47,132
2023-03-14,47,132
2023-03-15,47,132
2023-03-16,47,133
2023-03-17,47,133
2023-03-20,47,133
2023-03-21,47,133
2023-03-22,47,133
2023-03-23,47,133
2023-03-24,47,133
2023-03-27,47,133
2023-03-28,47,133
2023-03-29,47,133
2023-03-30,47,133
2023-03-31,47,133
2023-04-06,47,133
2023-04-07,47,133
2023-04-10,47,133
2023-04-11,47,133
2023-04-12,47,133
2023-04-13,47,133
2023-04-14,47,133
2023-04-17,47,133
2023-04-18,47,133
2023-04-19,47,133
2023-04-20,47,133
2023-04-21,47,133
2023-04-24,47,133
2023-04-25,47,133
2023-04-26,47,133
2023-04-27,47,134
2023-04-28,47,134
2023-05-02,47,134
2023-05-03,47,134
2023-05-04,47,134
2023-05-05,47,134
2023-05-08,47,134
2023-05-09,47,134
2023-05-10,47,134
2023-05-11,47,134
2023-05-12,47,134
2023-05-15,47,134
2023-05-16,47,134
2023-05-17,47,134
2023-05-18,47,134
2023-05-19,47,134
2023-05-22,47,134
2023-05-23,47,134
2023-05-24,47,134
2023-05-25,47,134
2023-05-26,47,134
2023-05-29,47,134
2023-05-30,47,134
2023-05-31,47,134
2023-06-01,47,134
2023-06-02,47,134
2023-06-05,47,134
2023-06-06,47,134
2023-06-07,47,134
2023-06-08,47,134
2023-06-09,47,134
2023-06-12,47,134
2023-06-13,47,134
2023-06-14,47,134
2023-06-15,47,134
2023-06-16,47,134
2023-06-19,47,134
2023-06-20,47,134
2023-06-21,47,134
2023-06-26,47,134
2023-06-27,47,134
2023-06-28,47,134
2023-06-29,47,134
2023-06-30,47,134
2023-07-03,47,134
2023-07-04,47,134
2023-07-05,47,134
2023-07-06,47,134
2023-07-07,47,134
2023-07-10,47,134
2023-07-11,47,134
2023-07-12,47,134
2023-07-13,47,134
2023-07-14,47,135
2023-07-17,47,135
2023-07-18,47,135
2023-07-19,47,135
2023-07-20,47,135
2023-07-21,47,135
2023-07-24,47,135
2023-07-25,47,135
2023-07-26,47,135
2023-07-27,47,136
2023-07-28,47,136
2023-07-31,47,136
2023-08-01,47,136
2023-08-02,47,136
2023-08-04,47,136
2023-08-07,47,136
2023-08-08,47,136
2023-08-09,47,136
2023-08-10,47,136
2023-08-11,47,136
2023-08-14,47,136
2023-08-15,47,136
2023-08-16,47,136
2023-08-17,47,136
2023-08-18,47,136
2023-08-21,47,136
2023-08-22,47,136
2023-08-23,47,136
2023-08-24,47,136
2023-08-25,47,136
2023-08-28,47,136
2023-08-29,47,136
2023-08-30,47,136
2023-08-31,47,136
2023-09-01,47,136
2023-09-04,47,136
2023-09-05,47,136
2023-09-06,47,136
2023-09-07,47,136
2023-09-08,47,136
2023-09-11,47,136
2023-09-12,47,136
2023-09-13,47,136
2023-09-14,47,135
2023-09-15,47,135
2023-09-18,47,135
2023-09-19,47,135
2023-09-20,47,135
2023-09-21,47,135
2023-09-22,47,135
2023-09-25,47,135
2023-09-26,47,135
2023-09-27,47,135
2023-09-28,47,135
2023-10-02,47,135
2023-10-03,47,135
2023-10-04,48,138
2023-10-05,48,138
2023-10-06,48,138
2023-10-11,48,138
2023-10-12,48,138
2023-10-13,48,138
2023-10-16,48,138
2023-10-17,48,138
2023-10-18,48,138
2023-10-19,48,138
2023-10-20,48,138
2023-10-23,48,138
2023-10-24,48,138
2023-10-25,48,138
2023-10-26,48,138
2023-10-27,49,139
2023-10-30,49,139
2023-10-31,49,139
2023-11-01,49,139
2023-11-02,49,139
2023-11-03,49,139
2023-11-06,49,139
2023-11-07,49,139
2023-11-08,49,139
2023-11-09,49,139
2023-11-10,49,139
2023-11-13,49,139
2023-11-14,49,139
2023-11-15,49,139
2023-11-16,50,140
2023-11-17,50,140
2023-11-20,50,140
2023-11-21,50,140
2023-11-22,50,140
2023-11-23,50,140
2023-11-24,50,140
2023-11-27,50,140
2023-11-28,50,140
2023-11-29,50,140
2023-11-30,50,140
2023-12-01,50,140
2023-12-04,50,140
2023-12-05,50,140
2023-12-06,50,140
2023-12-07,50,140
2023-12-08,50,140
2023-12-11,50,140
2023-12-12,50,140
2023-12-13,50,140
2023-12-14,50,140
2023-12-15,50,140
2023-12-18,50,140
2023-12-19,50,140
2023-12-20,50,140
2023-12-21,50,140
2023-12-22,50,140
2023-12-25,50,140
2023-12-26,50,140
2023-12-27,50,140
2023-12-28,50,140
2023-12-29,50,140
2024-01-02,50,140
2024-01-03,50,140
2024-01-04,50,140
2024-01-05,50,140
2024-01-08,50,140
2024-01-09,50,140
2024-01-10,50,140
2024-01-11,50,140
2024-01-12,50,140
2024-01-15,50,140
2024-01-16,50,140
2024-01-17,50,140
2024-01-18,50,140
2024-01-19,50,140
2024-01-22,50,140
2024-01-23,50,140
2024-01-24,50,140
2024-01-25,50,140
2024-01-26,50,140
2024-01-29,50,140
2024-01-30,50,140
2024-01-31,50,140
2024-02-01,50,140
2024-02-02,50,140
2024-02-05,50,140
2024-02-15,50,140
2024-02-16,50,140
2024-02-19,50,140
2024-02-20,50,140
2024-02-21,50,140
2024-02-22,50,140
2024-02-23,50,140
2024-02-26,50,140
2024-02-27,50,140
2024-02-29,50,140
2024-03-01,50,140
2024-03-04,50,140
2024-03-05,50,140
2024-03-06,50,140
2024-03-07,50,140
2024-03-08,50,140
2024-03-11,50,140
2024-03-12,50,140
2024-03-13,50,139
2024-03-14,50,139
2024-03-15,50,139
2024-03-18,50,139
2024-03-19,50,139
2024-03-20,50,139
2024-03-21,50,139
2024-03-22,50,139
2024-03-25,50,139
2024-03-26,50,139
2024-03-27,50,139
2024-03-28,50,139
2024-03-29,50,139
2024-04-01,50,139
2024-04-02,50,139
2024-04-03,50,139
2024-04-08,50,139
2024-04-09,50,139
2024-04-10,50,139
2024-04-11,50,139
2024-04-12,50,139
2024-04-15,50,139
2024-04-16,50,139
2024-04-17,50,139
2024-04-18,50,139
2024-04-19,50,139
2024-04-22,50,139
2024-04-23,50,139
2024-04-24,50,139
2024-04-25,50,139
2024-04-26,50,138
2024-04-29,50,138
2024-04-30,50,138
2024-05-02,50,138
2024-05-03,50,138
2024-05-06,50,138
2024-05-07,50,138
2024-05-08,50,138
2024-05-09,50,138
2024-05-10,50,138
2024-05-13,50,138
2024-05-14,50,138
2024-05-15,50,138
2024-05-16,50,138
2024-05-17,50,138
2024-05-20,50,138
2024-05-21,50,138
2024-05-22,50,138
2024-05-23,50,138
2024-05-24,50,138
2024-05-27,50,138
2024-05-28,50,138
2024-05-29,50,138
2024-05-30,50,138
2024-05-31,50,138
2024-06-03,50,138
2024-06-04,50,138
2024-06-05,50,136
2024-06-06,50,136
2024-06-07,50,136
2024-06-11,50,136
2024-06-12,50,136
2024-06-13,50,136
2024-06-14,50,136
2024-06-17,50,136
2024-06-18,50,136
2024-06-19,50,136
2024-06-20,50,136
2024-06-21,50,136
2024-06-24,50,136
2024-06-25,50,136
2024-06-26,50,136
2024-06-27,50,136
2024-06-28,50,136
2024-07-01,50,136
2024-07-02,50,136
2024-07-03,50,136
2024-07-04,50,136
2024-07-05,50,136
2024-07-08,50,136
2024-07-09,50,136
2024-07-10,50,136
2024-07-11,50,136
2024-07-12,50,136
2024-07-15,50,136
2024-07-16,50,136
2024-07-17,50,136
2024-07-18,50,136
2024-07-19,50,136
2024-07-22,50,136
2024-07-23,50,136
2024-07-26,50,136
2024-07-29,50,136
2024-07-30,50,136
2024-07-31,50,136
2024-08-01,50,136
2024-08-02,50,136
2024-08-05,50,136
2024-08-06,50,136
2024-08-07,50,136
2024-08-08,50,136
2024-08-09,50,136
2024-08-12,50,136
2024-08-13,50,136
2024-08-14,50,136
2024-08-15,50,136
2024-08-16,50,136
2024-08-19,50,136
2024-08-20,50,136
2024-08-21,50,136
2024-08-22,49,135
2024-08-23,49,135
2024-08-26,49,135
2024-08-27,49,135
2024-08-28,49,135
2024-08-29,49,135
2024-08-30,49,135
2024-09-02,49,135
2024-09-03,49,135
2024-09-04,49,135
2024-09-05,49,135
2024-09-06,49,135
2024-09-09,49,135
2024-09-10,49,135
2024-09-11,49,135
2024-09-12,49,135
2024-09-13,49,135
2024-09-16,49,135
2024-09-18,49,135
2024-09-19,49,135
2024-09-20,49,135
2024-09-23,49,135
2024-09-24,49,135
2024-09-25,49,135
2024-09-26,49,135
2024-09-27,49,135
2024-09-30,49,136
2024-10-01,49,136
2024-10-04,49,136
2024-10-07,49,136
2024-10-08,49,136
2024-10-09,49,136
2024-10-11,49,136
2024-10-14,49,136
2024-10-15,49,136
2024-10-16,49,136
2024-10-17,49,136
2024-10-18,49,136
2024-10-21,49,136
2024-10-22,49,136
2024-10-23,49,136
2024-10-24,49,136
2024-10-25,49,136
2024-10-28,49,136
2024-10-29,49,136
2024-10-30,49,136
2024-11-01,49,136
2024-11-04,49,137
2024-11-05,49,137
2024-11-06,49,137
2024-11-07,49,137
2024-11-08,49,137
2024-11-11,49,137
2024-11-12,49,137
2024-11-13,49,137
2024-11-14,49,137
2024-11-15,49,137
2024-11-18,49,137
2024-11-19,49,137
2024-11-20,49,137
2024-11-21,49,137
2024-11-22,49,137
2024-11-25,49,138
2024-11-26,49,138
2024-11-27,49,138
2024-11-28,49,138
2024-11-29,49,138
2024-12-02,49,138
2024-12-03,49,138
2024-12-04,49,138
2024-12-05,49,138
2024-12-06,49,138
2024-12-09,49,138
2024-12-10,49,138
2024-12-11,49,138
2024-12-12,49,138
2024-12-13,49,138
2024-12-16,49,138
2024-12-17,49,138
2024-12-18,49,138
2024-12-19,49,138
2024-12-20,49,138
2024-12-23,49,138
2024-12-24,49,138
2024-12-25,49,138
2024-12-26,49,138
2024-12-27,49,138
2024-12-30,49,138
2024-12-31,49,138
2025-01-02,49,138
2025-01-03,49,138
2025-01-06,49,138
2025-01-07,49,138
2025-01-08,49,138
2025-01-09,49,138
2025-01-10,49,138
2025-01-13,49,138
2025-01-14,49,138
2025-01-15,49,138
2025-01-16,49,138
2025-01-17,49,138
2025-01-20,49,138
2025-01-21,49,138
2025-01-22,49,138
2025-02-03,49,138
2025-02-04,49,138
2025-02-05,49,138
2025-02-06,49,138
2025-02-07,49,138
2025-02-10,49,138
2025-02-11,49,138
2025-02-12,49,138
2025-02-13,49,138
2025-02-14,49,138
2025-02-17,49,138
2025-02-18,49,138
2025-02-19,49,139
2025-02-20,49,139
2025-02-21,49,139
2025-02-24,49,139
2025-02-25,49,139
2025-02-26,49,139
2025-02-27,49,139
2025-03-03,49,139
2025-03-04,49,139
2025-03-05,49,139
2025-03-06,49,139
2025-03-07,49,139
2025-03-10,49,139
2025-03-11,49,139
2025-03-12,49,139
2025-03-13,49,139
2025-03-14,49,139
2025-03-17,49,139
2025-03-18,49,139
2025-03-19,49,139
2025-03-20,49,139
2025-03-21,49,139
2025-03-24,49,139
2025-03-25,49,139
2025-03-26,49,139
2025-03-27,49,139
2025-03-28,49,139
2025-03-31,49,140
2025-04-01,49,140
2025-04-02,49,140
2025-04-07,49,140
2025-04-08,49,140
2025-04-09,49,140
2025-04-10,49,140
2025-04-11,49,140
2025-04-14,49,140
2025-04-15,49,140
2025-04-16,49,140
2025-04-17,49,140
2025-04-18,49,140
2025-04-21,49,140
2025-04-22,49,140
2025-04-23,49,140
2025-04-24,49,140
2025-04-25,49,140
2025-04-28,49,140
2025-04-29,49,140
2025-04-30,49,140
2025-05-02,49,140
2025-05-05,49,140
2025-05-06,49,140
2025-05-07,49,140
2025-05-08,49,140
2025-05-09,49,140
2025-05-12,49,140
2025-05-13,49,140
2025-05-14,49,140
2025-05-15,49,141
2025-05-16,49,141
2025-05-19,49,141
2025-05-20,49,141
2025-05-21,49,141
2025-05-22,49,141
2025-05-23,49,141
2025-05-26,49,141
2025-05-27,49,141
2025-05-28,49,141
2025-05-29,49,141
2025-06-02,49,141
2025-06-03,49,141
2025-06-04,49,141
2025-06-05,49,141
2025-06-06,49,141
2025-06-09,49,141
2025-06-10,49,141
2025-06-11,49,141
2025-06-12,49,141
2025-06-13,49,141
2025-06-16,49,141
2025-06-17,49,141
2025-06-18,49,141
2025-06-19,49,141
2025-06-20,49,141
2025-06-23,49,141
2025-06-24,49,143
2025-06-25,49,143
2025-06-26,49,143
2025-06-27,49,143
2025-06-30,49,143
2025-07-01,49,143
2025-07-02,49,143
2025-07-03,49,143
2025-07-04,49,143
2025-07-07,49,143
2025-07-08,49,143
2025-07-09,49,143
2025-07-10,49,143
2025-07-11,49,143
2025-07-14,49,143
2025-07-15,49,142
2025-07-16,49,142
2025-07-17,49,142
2025-07-18,49,142
2025-07-21,49,142
2025-07-22,49,142
2025-07-23,49,142
2025-07-24,49,142
2025-07-25,49,142
2025-07-28,49,142
2025-07-29,49,142
2025-07-30,48,140
2025-07-31,48,140
2025-08-01,48,140
2025-08-04,48,140
2025-08-05,48,140
2025-08-06,48,140
2025-08-07,48,140
2025-08-08,48,140
2025-08-11,48,140
2025-08-12,48,140
2025-08-13,47,139
2025-08-14,46,138
2025-08-15,46,138
2025-08-18,46,138
2025-08-19,46,138
2025-08-20,46,138
2025-08-21,46,138
2025-08-22,46,138
2025-08-25,46,138
2025-08-26,46,138
2025-08-27,46,138
2025-08-28,46,138
2025-08-29,46,138
2025-09-01,46,138
2025-09-02,46,138
2025-09-03,46,138
2025-09-04,46,138
2025-09-05,47,139
2025-09-08,47,140
2025-09-09,47,140
2025-09-10,47,140
2025-09-11,47,140
2025-09-12,47,140
2025-09-15,47,140
2025-09-16,47,140
2025-09-17,47,140
2025-09-18,47,140
2025-09-19,47,140
2025-09-22,47,140
2025-09-23,47,140
2025-09-24,47,140
2025-09-25,47,140
2025-09-26,47,140
2025-09-30,47,140
2025-10-01,47,139
2025-10-02,47,139
2025-10-03,47,139
2025-10-07,47,139
2025-10-08,47,139
2025-10-09,47,139
2025-10-13,47,139
2025-10-14,47,139
2025-10-15,47,139
2025-10-16,47,139
2025-10-17,47,139
2025-10-20,47,139
2025-10-21,47,139
2025-10-22,47,139
2025-10-23,47,139
2025-10-27,47,139
2025-10-28,47,139
2025-10-29,47,139
2025-10-30,47,139
2025-10-31,47,139
2025-11-03,47,139
2025-11-04,47,139
2025-11-05,46,138
2025-11-06,46,138
2025-11-07,46,138
2025-11-10,46,138
2025-11-11,46,138
2025-11-12,46,138
2025-11-13,46,138
2025-11-14,46,138
2025-11-17,46,138
2025-11-18,46,138
2025-11-19,46,138
2025-11-20,46,138
2025-11-21,46,138
2025-11-24,46,138
2025-11-25,46,138
2025-11-26,46,138
2025-11-27,46,138
2025-11-28,46,138
2025-12-01,46,138
2025-12-02,46,138
2025-12-03,46,138
2025-12-04,46,138
2025-12-05,46,138
2025-12-08,46,138
2025-12-09,46,138
2025-12-10,46,138
2025-12-11,46,138
2025-12-12,46,138
2025-12-15,46,138
2025-12-16,46,138
2025-12-17,46,138
2025-12-18,45,137
2025-12-19,45,137
2025-12-22,45,137
2025-12-23,45,137
2025-12-24,45,137
2025-12-26,45,137
2025-12-29,45,137
2025-12-30,45,137
2025-12-31,45,137
2026-01-02,45,137
2026-01-05,45,137
2026-01-06,45,137
2026-01-07,45,137
2026-01-08,45,137
2026-01-09,45,137
2026-01-12,45,137
2026-01-13,45,137
2026-01-14,45,137
2026-01-15,45,137
2026-01-16,45,137
2026-01-19,45,137
2026-01-20,45,137
2026-01-21,45,137
2026-01-22,45,137
2026-01-23,45,137
2026-01-26,45,137
2026-01-27,45,137
2026-01-28,45,137
2026-01-29,45,137
2026-01-30,45,137
2026-02-02,45,137
2026-02-03,45,137
2026-02-04,45,137
2026-02-05,45,137
2026-02-06,45,137
2026-02-09,45,137
2026-02-10,45,137
2026-02-11,45,137
2026-02-23,45,137
2026-02-24,45,137
2026-02-25,45,137
2026-02-26,45,137
2026-03-02,45,137
2026-03-03,45,137
2026-03-04,45,137
2026-03-05,45,137
2026-03-06,45,137
2026-03-09,45,137
2026-03-10,45,137
2026-03-11,45,137
2026-03-12,45,137
2026-03-13,45,137
2026-03-16,45,137
2026-03-17,45,137
2026-03-18,45,137
2026-03-19,45,137
2026-03-20,45,137
2026-03-23,45,137
2026-03-24,45,137
2026-03-25,45,137
2026-03-26,45,137
2026-03-27,45,137
2026-03-30,45,137
2026-03-31,45,137
2026-04-01,45,137
2026-04-02,45,137
2026-04-07,45,137
2026-04-08,45,137
2026-04-09,45,137
2026-04-10,45,137
2026-04-13,45,137
2026-04-14,45,137
2026-04-15,45,137
2026-04-16,45,137
2026-04-17,45,137
2026-04-20,45,137
2026-04-21,45,137
2026-04-22,45,137
2026-04-23,45,137
2026-04-24,45,137
2026-04-27,45,137
2026-04-28,45,137
2026-04-29,45,137
2026-04-30,45,137
2026-05-04,45,137
2026-05-05,45,137
2026-05-06,45,137
2026-05-07,45,137
2026-05-08,45,137
2026-05-11,45,137
2026-05-12,45,137
2026-05-13,45,137
2026-05-14,45,137
2026-05-15,45,137
2026-05-18,45,137
2026-05-19,45,137
2026-05-20,45,137
2026-05-21,45,137
2026-05-22,45,137
2026-05-25,45,137
2026-05-26,45,137
2026-05-27,45,137
2026-05-28,45,137
2026-05-29,45,137
2026-06-01,45,137
2026-06-02,45,137
2026-06-03,45,137
2026-06-04,45,137
2026-06-05,45,137
2026-06-08,45,137
2026-06-09,45,137
2026-06-10,45,136
2026-06-11,45,136
2026-06-12,45,136
2026-06-15,45,136
2026-06-16,45,136
2026-06-17,45,136
2026-06-18,45,136
2026-06-22,45,136
2026-06-23,45,136
2026-06-24,45,136
2026-06-25,45,136
2026-06-26,45,136
2026-06-29,45,136
2026-06-30,45,136
2026-07-01,45,136
2026-07-02,45,136
2026-07-03,45,136
2026-07-06,45,136
2026-07-07,45,136
2026-07-08,45,136
2026-07-09,45,136
2026-07-13,45,136
2026-07-14,45,136
2026-07-15,45,135
2026-07-16,45,135
2026-07-17,45,135
2026-07-20,45,135
2026-07-21,45,135
2026-07-22,45,135
2026-07-23,45,135
2026-07-24,45,135
2026-07-27,45,135
2026-07-28,45,135
2026-07-29,45,135
2026-07-30,45,136
2026-07-31,45,136
2026-08-03,45,136
2026-08-04,45,137
2026-08-05,45,137
2026-08-06,45,137
2026-08-07,45,137
2026-08-10,45,137
2026-08-11,45,137
2026-08-12,45,137
2026-08-13,45,137
2026-08-14,46,139
2026-08-17,46,139
2026-08-18,46,139
2026-08-19,46,139
2026-08-20,46,139
2026-08-21,46,139
2026-08-24,46,139
2026-08-25,46,139
2026-08-26,46,139
2026-08-27,46,139
2026-08-28,47,140
2026-08-31,47,140
2026-09-01,47,140
2026-09-02,47,140
2026-09-03,47,140
2026-09-04,47,140
2026-09-07,47,140
2026-09-08,48,141
2026-09-09,48,141
2026-09-10,48,141
2026-09-11,48,141
2026-09-14,48,141
2026-09-15,48,141
2026-09-16,48,141
2026-09-17,48,141
2026-09-18,48,141
2026-09-21,48,141
2026-09-22,48,141
2026-09-23,48,142
2026-09-24,48,142
2026-09-29,48,142
2026-09-30,48,142
2026-10-01,48,142
2026-10-02,48,142
