Date,close
2014-06-02,602.8400268554688
2014-06-03,608.4299926757812
2014-06-04,611.1400146484375
2014-06-05,614.2999877929688
2014-06-06,617.25
2014-06-09,618.4400024414062
2014-06-10,620.260009765625
2014-06-11,623.47998046875
2014-06-12,621.3499755859375
2014-06-13,627.489990234375
2014-06-16,630.9299926757812
2014-06-17,635.5
2014-06-18,633.2000122070312
2014-06-19,633.97998046875
2014-06-20,635.4199829101562
2014-06-23,633.1300048828125
2014-06-24,628.5
2014-06-25,630.8699951171875
2014-06-26,628.280029296875
2014-06-27,629.27001953125
2014-06-30,635.9299926757812
2014-07-01,644.7100219726562
2014-07-02,645.780029296875
2014-07-03,650.5499877929688
2014-07-07,646.0999755859375
2014-07-08,642.6400146484375
2014-07-09,646.5599975585938
2014-07-10,643.469970703125
2014-07-11,643.8800048828125
2014-07-14,646.1199951171875
2014-07-15,644.4400024414062
2014-07-16,651.760009765625
2014-07-17,635.3200073242188
2014-07-18,643.4400024414062
2014-07-21,645.02001953125
2014-07-22,649.3499755859375
2014-07-23,634.4500122070312
2014-07-24,629.1300048828125
2014-07-25,616.6500244140625
2014-07-28,616.0
2014-07-29,614.4299926757812
2014-07-30,620.5999755859375
2014-07-31,607.5499877929688
2014-08-01,609.760009765625
2014-08-04,612.2899780273438
2014-08-05,605.3099975585938
2014-08-06,607.7100219726562
2014-08-07,599.3800048828125
2014-08-08,606.22998046875
2014-08-11,612.02001953125
2014-08-12,611.3200073242188
2014-08-13,616.9500122070312
2014-08-14,618.260009765625
2014-08-15,624.5999755859375
2014-08-18,627.469970703125
2014-08-19,631.469970703125
2014-08-20,636.6199951171875
2014-08-21,639.1099853515625
2014-08-22,639.719970703125
2014-08-25,637.25
2014-08-26,637.5499877929688
2014-08-27,638.5700073242188
2014-08-28,640.489990234375
2014-08-29,645.25
2014-09-02,642.530029296875
2014-09-03,644.0800170898438
2014-09-04,645.719970703125
2014-09-05,651.239990234375
2014-09-08,652.5
2014-09-09,646.489990234375
2014-09-10,646.5399780273438
2014-09-11,648.1400146484375
2014-09-12,639.8900146484375
2014-09-15,632.239990234375
2014-09-16,643.1199951171875
2014-09-17,647.8300170898438
2014-09-18,657.3599853515625
2014-09-19,649.5399780273438
2014-09-22,641.3499755859375
2014-09-23,639.8499755859375
2014-09-24,647.530029296875
2014-09-25,635.4199829101562
2014-09-26,643.3400268554688
2014-09-29,644.22998046875
2014-09-30,638.47998046875
2014-10-01,623.3599853515625
2014-10-02,619.6599731445312
2014-10-03,623.1199951171875
2014-10-06,617.969970703125
2014-10-07,606.2000122070312
2014-10-08,619.969970703125
2014-10-09,602.969970703125
2014-10-10,561.4000244140625
2014-10-13,549.469970703125
2014-10-14,559.6699829101562
2014-10-15,562.3400268554688
2014-10-16,570.72998046875
2014-10-17,575.3300170898438
2014-10-20,584.1500244140625
2014-10-21,605.25
2014-10-22,596.9299926757812
2014-10-23,605.6400146484375
2014-10-24,612.0499877929688
2014-10-27,614.22998046875
2014-10-28,623.4600219726562
2014-10-29,624.1900024414062
2014-10-30,616.9600219726562
2014-10-31,640.8599853515625
2014-11-03,644.77001953125
2014-11-04,642.989990234375
2014-11-05,649.0399780273438
2014-11-06,643.2999877929688
2014-11-07,637.47998046875
2014-11-10,642.25
2014-11-11,640.4299926757812
2014-11-12,639.760009765625
2014-11-13,639.7999877929688
2014-11-14,645.5599975585938
2014-11-17,642.5499877929688
2014-11-18,654.77001953125
2014-11-19,650.1799926757812
2014-11-20,656.27001953125
2014-11-21,662.9500122070312
2014-11-24,669.469970703125
2014-11-25,669.3599853515625
2014-11-26,683.47998046875
2014-11-28,685.739990234375
2014-12-01,676.6900024414062
2014-12-02,681.3499755859375
2014-12-03,695.280029296875
2014-12-04,696.1599731445312
2014-12-05,703.1199951171875
2014-12-08,693.0
2014-12-09,692.8400268554688
2014-12-10,679.969970703125
2014-12-11,683.1500244140625
2014-12-12,671.3300170898438
2014-12-15,665.7100219726562
2014-12-16,661.2999877929688
2014-12-17,675.5800170898438
2014-12-18,688.1199951171875
2014-12-19,686.0900268554688
2014-12-22,696.6799926757812
2014-12-23,695.3200073242188
2014-12-24,696.3499755859375
2014-12-26,697.0
2014-12-29,695.0800170898438
2014-12-30,690.989990234375
2014-12-31,686.8699951171875
2015-01-02,686.72998046875
2015-01-05,673.5900268554688
2015-01-06,658.8300170898438
2015-01-07,665.27001953125
2015-01-08,684.6500244140625
2015-01-09,685.52001953125
2015-01-12,671.8200073242188
2015-01-13,665.5800170898438
2015-01-14,661.6500244140625
2015-01-15,656.510009765625
2015-01-16,663.8599853515625
2015-01-20,670.5700073242188
2015-01-21,678.1599731445312
2015-01-22,682.47998046875
2015-01-23,680.5399780273438
2015-01-26,682.3900146484375
2015-01-27,669.7899780273438
2015-01-28,666.0700073242188
2015-01-29,666.6300048828125
2015-01-30,653.1400146484375
2015-02-02,653.1400146484375
2015-02-03,666.9299926757812
2015-02-04,669.1500244140625
2015-02-05,675.6900024414062
2015-02-06,671.8400268554688
2015-02-09,664.5399780273438
2015-02-10,687.030029296875
2015-02-11,689.25
2015-02-12,700.1900024414062
2015-02-13,705.0800170898438
2015-02-17,707.1400146484375
2015-02-18,705.1599731445312
2015-02-19,706.9600219726562
2015-02-20,711.25
2015-02-23,706.7000122070312
2015-02-24,716.1199951171875
2015-02-25,711.989990234375
2015-02-26,716.6699829101562
2015-02-27,714.6500244140625
2015-03-02,734.510009765625
2015-03-03,720.260009765625
2015-03-04,719.5399780273438
2015-03-05,720.25
2015-03-06,712.4199829101562
2015-03-09,715.030029296875
2015-03-10,701.2999877929688
2015-03-11,703.1599731445312
2015-03-12,702.77001953125
2015-03-13,707.7899780273438
2015-03-16,718.530029296875
2015-03-17,713.1900024414062
2015-03-18,718.47998046875
2015-03-19,720.2000122070312
2015-03-20,730.9099731445312
2015-03-23,723.9600219726562
2015-03-24,717.780029296875
2015-03-25,684.72998046875
2015-03-26,675.239990234375
2015-03-27,694.3200073242188
2015-03-30,703.739990234375
2015-03-31,695.47998046875
2015-04-01,691.1900024414062
2015-04-02,689.1699829101562
2015-04-06,692.6799926757812
2015-04-07,692.9400024414062
2015-04-08,697.4500122070312
2015-04-09,706.1799926757812
2015-04-10,709.0499877929688
2015-04-13,704.52001953125
2015-04-14,697.8499755859375
2015-04-15,709.3200073242188
2015-04-16,706.0800170898438
2015-04-17,696.0900268554688
2015-04-20,702.2899780273438
2015-04-21,707.1199951171875
2015-04-22,716.8200073242188
2015-04-23,705.4600219726562
2015-04-24,693.72998046875
2015-04-27,696.1099853515625
2015-04-28,696.239990234375
2015-04-29,692.1900024414062
2015-04-30,686.2899780273438
2015-05-01,705.5
2015-05-04,704.030029296875
2015-05-05,688.4000244140625
2015-05-06,687.4500122070312
2015-05-07,695.2000122070312
2015-05-08,702.1300048828125
2015-05-11,702.3099975585938
2015-05-12,696.1799926757812
2015-05-13,700.1300048828125
2015-05-14,708.3200073242188
2015-05-15,709.52001953125
2015-05-18,716.5399780273438
2015-05-19,713.3900146484375
2015-05-20,714.47998046875
2015-05-21,718.4400024414062
2015-05-22,720.2000122070312
2015-05-26,714.75
2015-05-27,742.3499755859375
2015-05-28,743.27001953125
2015-05-29,745.4099731445312
2015-06-01,746.0800170898438
2015-06-02,737.280029296875
2015-06-03,732.7000122070312
2015-06-04,725.8099975585938
2015-06-05,726.2899780273438
2015-06-08,712.3699951171875
2015-06-09,711.5999755859375
2015-06-10,720.9400024414062
2015-06-11,720.530029296875
2015-06-12,714.1300048828125
2015-06-15,712.6300048828125
2015-06-16,715.0700073242188
2015-06-17,715.1900024414062
2015-06-18,725.5999755859375
2015-06-19,723.3699951171875
2015-06-22,728.219970703125
2015-06-23,723.8800048828125
2015-06-24,716.489990234375
2015-06-25,715.8300170898438
2015-06-26,698.3599853515625
2015-06-29,678.0700073242188
2015-06-30,680.5399780273438
2015-07-01,682.1300048828125
2015-07-02,685.510009765625
2015-07-06,675.1099853515625
2015-07-07,672.9099731445312
2015-07-08,655.25
2015-07-09,646.6400146484375
2015-07-10,658.8800048828125
2015-07-13,663.969970703125
2015-07-14,671.1599731445312
2015-07-15,667.02001953125
2015-07-16,668.6099853515625
2015-07-17,667.0499877929688
2015-07-20,662.5
2015-07-21,662.8599853515625
2015-07-22,646.1300048828125
2015-07-23,655.510009765625
2015-07-24,642.47998046875
2015-07-27,637.8800048828125
2015-07-28,650.9000244140625
2015-07-29,651.75
2015-07-30,654.1500244140625
2015-07-31,646.2899780273438
2015-08-03,644.3499755859375
2015-08-04,637.1799926757812
2015-08-05,644.6199951171875
2015-08-06,633.1300048828125
2015-08-07,636.8200073242188
2015-08-10,652.6500244140625
2015-08-11,637.8499755859375
2015-08-12,641.52001953125
2015-08-13,634.8699951171875
2015-08-14,631.0399780273438
2015-08-17,637.25
2015-08-18,624.010009765625
2015-08-19,618.3200073242188
2015-08-20,594.780029296875
2015-08-21,578.5900268554688
2015-08-24,566.5800170898438
2015-08-25,559.5900268554688
2015-08-26,587.8200073242188
2015-08-27,609.760009765625
2015-08-28,613.9099731445312
2015-08-31,611.0399780273438
2015-09-01,590.1199951171875
2015-09-02,603.780029296875
2015-09-03,608.5800170898438
2015-09-04,597.6199951171875
2015-09-08,624.0599975585938
2015-09-09,612.8300170898438
2015-09-10,615.3400268554688
2015-09-11,615.8099975585938
2015-09-14,617.6699829101562
2015-09-15,625.1400146484375
2015-09-16,626.5700073242188
2015-09-17,621.0499877929688
2015-09-18,610.75
2015-09-21,608.72998046875
2015-09-22,595.0599975585938
2015-09-23,590.739990234375
2015-09-24,589.7100219726562
2015-09-25,592.8800048828125
2015-09-28,576.4199829101562
2015-09-29,580.47998046875
2015-09-30,602.72998046875
2015-10-01,595.6199951171875
2015-10-02,608.4600219726562
2015-10-05,619.8499755859375
2015-10-06,621.9500122070312
2015-10-07,631.3200073242188
2015-10-08,634.8099975585938
2015-10-09,629.510009765625
2015-10-12,630.5399780273438
2015-10-13,622.280029296875
2015-10-14,645.7000122070312
2015-10-15,651.8900146484375
2015-10-16,652.6300048828125
2015-10-19,652.8800048828125
2015-10-20,651.8699951171875
2015-10-21,653.239990234375
2015-10-22,675.9500122070312
2015-10-23,683.7100219726562
2015-10-26,670.1900024414062
2015-10-27,665.7100219726562
2015-10-28,677.2100219726562
2015-10-29,656.9400024414062
2015-10-30,662.52001953125
2015-11-02,668.530029296875
2015-11-03,671.6900024414062
2015-11-04,673.47998046875
2015-11-05,659.3599853515625
2015-11-06,676.469970703125
2015-11-09,669.9400024414062
2015-11-10,657.9600219726562
2015-11-11,658.280029296875
2015-11-12,649.77001953125
2015-11-13,643.7100219726562
2015-11-16,652.030029296875
2015-11-17,655.8200073242188
2015-11-18,662.1400146484375
2015-11-19,663.6300048828125
2015-11-20,665.760009765625
2015-11-23,657.1799926757812
2015-11-24,665.6099853515625
2015-11-25,666.0900268554688
2015-11-27,670.510009765625
2015-11-30,677.1400146484375
2015-12-01,686.52001953125
2015-12-02,682.6900024414062
2015-12-03,678.719970703125
2015-12-04,691.489990234375
2015-12-07,684.8599853515625
2015-12-08,679.030029296875
2015-12-09,670.2899780273438
2015-12-10,674.22998046875
2015-12-11,660.780029296875
2015-12-14,656.489990234375
2015-12-15,666.469970703125
2015-12-16,671.7000122070312
2015-12-17,661.7100219726562
2015-12-18,653.719970703125
2015-12-21,666.1300048828125
2015-12-22,667.1099853515625
2015-12-23,671.780029296875
2015-12-24,674.3900146484375
2015-12-28,671.75
2015-12-29,679.780029296875
2015-12-30,673.0800170898438
2015-12-31,663.47998046875
2016-01-04,656.280029296875
2016-01-05,649.469970703125
2016-01-06,631.2000122070312
2016-01-07,610.25
2016-01-08,600.47998046875
2016-01-11,603.5499877929688
2016-01-12,608.5599975585938
2016-01-13,589.47998046875
2016-01-14,601.5700073242188
2016-01-15,574.2899780273438
2016-01-19,575.1799926757812
2016-01-20,578.9400024414062
2016-01-21,587.5599975585938
2016-01-22,598.4199829101562
2016-01-25,589.8099975585938
2016-01-26,595.8599853515625
2016-01-27,588.6799926757812
2016-01-28,586.8499755859375
2016-01-29,613.6799926757812
2016-02-01,616.5999755859375
2016-02-02,595.7000122070312
2016-02-03,597.1099853515625
2016-02-04,607.719970703125
2016-02-05,586.25
2016-02-08,571.4500122070312
2016-02-09,567.989990234375
2016-02-10,563.6500244140625
2016-02-11,559.1799926757812
2016-02-12,571.9000244140625
2016-02-16,591.9299926757812
2016-02-17,606.0499877929688
2016-02-18,602.52001953125
2016-02-19,605.4600219726562
2016-02-22,615.0
2016-02-23,604.8699951171875
2016-02-24,613.3400268554688
2016-02-25,621.0700073242188
2016-02-26,624.6500244140625
2016-02-29,622.1099853515625
2016-03-01,639.9000244140625
2016-03-02,643.3099975585938
2016-03-03,643.8900146484375
2016-03-04,650.6199951171875
2016-03-07,652.6799926757812
2016-03-08,638.010009765625
2016-03-09,643.27001953125
2016-03-10,646.5800170898438
2016-03-11,659.1400146484375
2016-03-14,656.3499755859375
2016-03-15,655.4099731445312
2016-03-16,661.1900024414062
2016-03-17,665.9500122070312
2016-03-18,675.030029296875
2016-03-21,675.9600219726562
2016-03-22,675.2999877929688
2016-03-23,666.4600219726562
2016-03-24,666.1400146484375
2016-03-28,665.2100219726562
2016-03-29,674.1400146484375
2016-03-30,680.7899780273438
2016-03-31,676.8900146484375
2016-04-01,681.5900268554688
2016-04-04,675.3900146484375
2016-04-05,671.3300170898438
2016-04-06,678.2100219726562
2016-04-07,667.4600219726562
2016-04-08,671.3099975585938
2016-04-11,670.5999755859375
2016-04-12,669.739990234375
2016-04-13,685.1500244140625
2016-04-14,679.280029296875
2016-04-15,673.489990234375
2016-04-18,673.9600219726562
2016-04-19,665.6099853515625
2016-04-20,672.1500244140625
2016-04-21,667.6799926757812
2016-04-22,669.030029296875
2016-04-25,665.3200073242188
2016-04-26,674.4199829101562
2016-04-27,681.260009765625
2016-04-28,662.6900024414062
2016-04-29,645.3400268554688
2016-05-02,650.27001953125
2016-05-03,642.6199951171875
2016-05-04,634.9000244140625
2016-05-05,636.8099975585938
2016-05-06,637.5
2016-05-09,636.5399780273438
2016-05-10,644.2999877929688
2016-05-11,642.2899780273438
2016-05-12,630.77001953125
2016-05-13,633.260009765625
2016-05-16,643.3300170898438
2016-05-17,638.8900146484375
2016-05-18,649.3499755859375
2016-05-19,644.739990234375
2016-05-20,665.0800170898438
2016-05-23,669.4600219726562
2016-05-24,685.6400146484375
2016-05-25,689.469970703125
2016-05-26,691.5800170898438
2016-05-27,695.7100219726562
2016-05-31,699.3599853515625
2016-06-01,703.2899780273438
2016-06-02,703.4299926757812
2016-06-03,705.5999755859375
2016-06-06,703.7000122070312
2016-06-07,710.5499877929688
2016-06-08,710.1900024414062
2016-06-09,710.9199829101562
2016-06-10,699.0399780273438
2016-06-13,695.4199829101562
2016-06-14,695.469970703125
2016-06-15,694.8599853515625
2016-06-16,694.780029296875
2016-06-17,689.0900268554688
2016-06-20,697.0800170898438
2016-06-21,699.4000244140625
2016-06-22,698.25
2016-06-23,716.6699829101562
2016-06-24,675.4000244140625
2016-06-27,648.3200073242188
2016-06-28,665.75
2016-06-29,679.3699951171875
2016-06-30,691.6699829101562
2016-07-01,685.010009765625
2016-07-05,672.510009765625
2016-07-06,673.5499877929688
2016-07-07,681.8200073242188
2016-07-08,701.0700073242188
2016-07-11,708.9000244140625
2016-07-12,718.3599853515625
2016-07-13,718.9000244140625
2016-07-14,724.22998046875
2016-07-15,723.6400146484375
2016-07-18,734.5399780273438
2016-07-19,731.780029296875
2016-07-20,743.739990234375
2016-07-21,738.2999877929688
2016-07-22,742.3699951171875
2016-07-25,746.4400024414062
2016-07-26,774.9199829101562
2016-07-27,774.9299926757812
2016-07-28,770.52001953125
2016-07-29,766.780029296875
2016-08-01,768.02001953125
2016-08-02,755.72998046875
2016-08-03,756.530029296875
2016-08-04,763.5700073242188
2016-08-05,773.780029296875
2016-08-08,772.4400024414062
2016-08-09,778.780029296875
2016-08-10,772.8200073242188
2016-08-11,776.260009765625
2016-08-12,779.8400268554688
2016-08-15,790.4400024414062
2016-08-16,784.6099853515625
2016-08-17,784.6099853515625
2016-08-18,790.1599731445312
2016-08-19,797.0599975585938
2016-08-22,797.2899780273438
2016-08-23,801.3099975585938
2016-08-24,794.3400268554688
2016-08-25,797.469970703125
2016-08-26,801.4000244140625
2016-08-29,803.6199951171875
2016-08-30,802.0700073242188
2016-08-31,801.47998046875
2016-09-01,808.3599853515625
2016-09-02,806.9500122070312
2016-09-06,805.0999755859375
2016-09-07,799.2000122070312
2016-09-08,797.5700073242188
2016-09-09,768.3699951171875
2016-09-12,783.9500122070312
2016-09-13,776.72998046875
2016-09-14,783.719970703125
2016-09-15,801.77001953125
2016-09-16,801.5499877929688
2016-09-19,803.0599975585938
2016-09-20,799.1099853515625
2016-09-21,810.6500244140625
2016-09-22,813.510009765625
2016-09-23,804.5900268554688
2016-09-26,796.6400146484375
2016-09-27,810.8400268554688
2016-09-28,812.469970703125
2016-09-29,822.6400146484375
2016-09-30,835.5999755859375
2016-10-03,829.489990234375
2016-10-04,827.3400268554688
2016-10-05,833.7100219726562
2016-10-06,838.5999755859375
2016-10-07,837.02001953125
2016-10-10,832.9099731445312
2016-10-11,815.3099975585938
2016-10-12,812.6199951171875
2016-10-13,803.0499877929688
2016-10-14,809.3900146484375
2016-10-17,805.0
2016-10-18,814.739990234375
2016-10-19,810.9299926757812
2016-10-20,816.719970703125
2016-10-21,814.530029296875
2016-10-24,829.7899780273438
2016-10-25,828.6699829101562
2016-10-26,827.219970703125
2016-10-27,823.739990234375
2016-10-28,818.8800048828125
2016-10-31,823.52001953125
2016-11-01,816.0800170898438
2016-11-02,810.5700073242188
2016-11-03,808.0
2016-11-04,802.8800048828125
2016-11-07,825.8699951171875
2016-11-08,827.6799926757812
2016-11-09,823.5900268554688
2016-11-10,806.0900268554688
2016-11-11,837.239990234375
2016-11-14,832.0800170898438
2016-11-15,847.9000244140625
2016-11-16,857.5499877929688
2016-11-17,866.8400268554688
2016-11-18,872.6300048828125
2016-11-21,879.010009765625
2016-11-22,888.27001953125
2016-11-23,889.3099975585938
2016-11-25,890.969970703125
2016-11-28,887.25
2016-11-29,885.25
2016-11-30,879.469970703125
2016-12-01,836.7899780273438
2016-12-02,847.7000122070312
2016-12-05,858.1300048828125
2016-12-06,870.0
2016-12-07,888.4500122070312
2016-12-08,895.7000122070312
2016-12-09,892.510009765625
2016-12-12,885.4600219726562
2016-12-13,895.5499877929688
2016-12-14,894.280029296875
2016-12-15,909.969970703125
2016-12-16,900.8499755859375
2016-12-19,909.6799926757812
2016-12-20,917.989990234375
2016-12-21,918.3300170898438
2016-12-22,923.0599975585938
2016-12-23,927.9199829101562
2016-12-27,939.2100219726562
2016-12-28,921.0900268554688
2016-12-29,921.2000122070312
2016-12-30,906.469970703125
2017-01-03,907.3400268554688
2017-01-04,909.77001953125
2017-01-05,901.6900024414062
2017-01-06,908.6500244140625
2017-01-09,918.5800170898438
2017-01-10,923.0599975585938
2017-01-11,926.5399780273438
2017-01-12,918.1599731445312
2017-01-13,924.6699829101562
2017-01-17,909.47998046875
2017-01-18,922.3599853515625
2017-01-19,918.030029296875
2017-01-20,930.010009765625
2017-01-23,923.77001953125
2017-01-24,942.4099731445312
2017-01-25,956.0599975585938
2017-01-26,950.3200073242188
2017-01-27,962.260009765625
2017-01-30,956.8400268554688
2017-01-31,944.280029296875
2017-02-01,960.1099853515625
2017-02-02,959.0800170898438
2017-02-03,964.02001953125
2017-02-06,967.3900146484375
2017-02-07,970.5900268554688
2017-02-08,972.1400146484375
2017-02-09,963.8099975585938
2017-02-10,963.0499877929688
2017-02-13,965.7000122070312
2017-02-14,962.6300048828125
2017-02-15,970.5399780273438
2017-02-16,971.239990234375
2017-02-17,976.7999877929688
2017-02-21,990.4400024414062
2017-02-22,990.0700073242188
2017-02-23,973.8699951171875
2017-02-24,973.4400024414062
2017-02-27,982.4000244140625
2017-02-28,969.3800048828125
2017-03-01,985.260009765625
2017-03-02,974.3300170898438
2017-03-03,973.969970703125
2017-03-06,974.1799926757812
2017-03-07,976.8499755859375
2017-03-08,979.0
2017-03-09,980.47998046875
2017-03-10,991.9299926757812
2017-03-13,999.3900146484375
2017-03-14,996.3300170898438
2017-03-15,1004.6500244140625
2017-03-16,1002.8099975585938
2017-03-17,1004.5999755859375
2017-03-20,1012.2899780273438
2017-03-21,988.4199829101562
2017-03-22,999.3400268554688
2017-03-23,996.8499755859375
2017-03-24,1004.3499755859375
2017-03-27,1005.9500122070312
2017-03-28,1008.969970703125
2017-03-29,1006.489990234375
2017-03-30,1011.8099975585938
2017-03-31,1011.4000244140625
2017-04-03,1005.7999877929688
2017-04-04,1000.47998046875
2017-04-05,993.530029296875
2017-04-06,994.6900024414062
2017-04-07,999.3499755859375
2017-04-10,991.6199951171875
2017-04-11,983.3400268554688
2017-04-12,966.5499877929688
2017-04-13,960.010009765625
2017-04-17,972.5599975585938
2017-04-18,976.6699829101562
2017-04-19,982.0499877929688
2017-04-20,997.5499877929688
2017-04-21,992.9400024414062
2017-04-24,1007.7999877929688
2017-04-25,1017.8099975585938
2017-04-26,1009.1599731445312
2017-04-27,1023.2899780273438
2017-04-28,1005.530029296875
2017-05-01,1015.4299926757812
2017-05-02,1004.6199951171875
2017-05-03,1008.0499877929688
2017-05-04,1006.8300170898438
2017-05-05,1011.030029296875
2017-05-08,1007.1599731445312
2017-05-09,1017.5
2017-05-10,1038.9200439453125
2017-05-11,1042.4300537109375
2017-05-12,1045.239990234375
2017-05-15,1061.050048828125
2017-05-16,1076.8499755859375
2017-05-17,1029.8299560546875
2017-05-18,1049.2900390625
2017-05-19,1060.77001953125
2017-05-22,1072.300048828125
2017-05-23,1067.93994140625
2017-05-24,1074.8499755859375
2017-05-25,1080.75
2017-05-26,1084.8499755859375
2017-05-30,1091.449951171875
2017-05-31,1091.4200439453125
2017-06-01,1092.550048828125
2017-06-02,1103.4000244140625
2017-06-05,1106.219970703125
2017-06-06,1110.0799560546875
2017-06-07,1118.300048828125
2017-06-08,1138.25
2017-06-09,1090.050048828125
2017-06-12,1084.43994140625
2017-06-13,1091.3499755859375
2017-06-14,1079.8199462890625
2017-06-15,1070.760009765625
2017-06-16,1067.22998046875
2017-06-19,1087.9200439453125
2017-06-20,1074.8800048828125
2017-06-21,1087.4200439453125
2017-06-22,1084.9599609375
2017-06-23,1088.47998046875
2017-06-26,1077.9200439453125
2017-06-27,1048.6600341796875
2017-06-28,1067.1800537109375
2017-06-29,1040.4200439453125
2017-06-30,1034.9100341796875
2017-07-03,1020.510009765625
2017-07-05,1041.780029296875
2017-07-06,1037.050048828125
2017-07-07,1054.9000244140625
2017-07-10,1067.0999755859375
2017-07-11,1075.4200439453125
2017-07-12,1092.8599853515625
2017-07-13,1090.1300048828125
2017-07-14,1104.3199462890625
2017-07-17,1099.550048828125
2017-07-18,1103.3499755859375
2017-07-19,1113.1800537109375
2017-07-20,1116.6199951171875
2017-07-21,1107.5400390625
2017-07-24,1103.010009765625
2017-07-25,1102.5899658203125
2017-07-26,1115.3499755859375
2017-07-27,1097.27001953125
2017-07-28,1092.989990234375
2017-07-31,1085.1500244140625
2017-08-01,1091.1300048828125
2017-08-02,1083.9599609375
2017-08-03,1078.800048828125
2017-08-04,1079.449951171875
2017-08-07,1098.25
2017-08-08,1093.77001953125
2017-08-09,1090.489990234375
2017-08-10,1060.02001953125
2017-08-11,1066.219970703125
2017-08-14,1093.739990234375
2017-08-15,1096.4300537109375
2017-08-16,1098.0699462890625
2017-08-17,1069.699951171875
2017-08-18,1071.8900146484375
2017-08-21,1064.52001953125
2017-08-22,1081.6400146484375
2017-08-23,1086.4100341796875
2017-08-24,1085.9300537109375
2017-08-25,1080.5
2017-08-28,1082.6199951171875
2017-08-29,1084.8599853515625
2017-08-30,1103.68994140625
2017-08-31,1114.31005859375
2017-09-01,1119.3399658203125
2017-09-05,1103.6300048828125
2017-09-06,1105.760009765625
2017-09-07,1107.3399658203125
2017-09-08,1093.489990234375
2017-09-11,1115.4599609375
2017-09-12,1120.199951171875
2017-09-13,1122.0400390625
2017-09-14,1127.4200439453125
2017-09-15,1146.6800537109375
2017-09-18,1160.9000244140625
2017-09-19,1164.97998046875
2017-09-20,1148.5999755859375
2017-09-21,1143.8699951171875
2017-09-22,1149.5899658203125
2017-09-25,1126.93994140625
2017-09-26,1126.4000244140625
2017-09-27,1153.0
2017-09-28,1161.68994140625
2017-09-29,1171.739990234375
2017-10-02,1178.75
2017-10-03,1182.4300537109375
2017-10-04,1185.239990234375
2017-10-05,1186.0699462890625
2017-10-06,1191.449951171875
2017-10-09,1199.8599853515625
2017-10-10,1207.199951171875
2017-10-11,1215.18994140625
2017-10-12,1211.0999755859375
2017-10-13,1219.2099609375
2017-10-16,1224.989990234375
2017-10-17,1224.1199951171875
2017-10-18,1228.1600341796875
2017-10-19,1225.050048828125
2017-10-20,1231.3399658203125
2017-10-23,1237.1400146484375
2017-10-24,1245.3800048828125
2017-10-25,1229.27001953125
2017-10-26,1237.030029296875
2017-10-27,1263.550048828125
2017-10-30,1265.9100341796875
2017-10-31,1275.6099853515625
2017-11-01,1271.510009765625
2017-11-02,1277.3399658203125
2017-11-03,1299.969970703125
2017-11-06,1317.3399658203125
2017-11-07,1316.550048828125
2017-11-08,1321.1300048828125
2017-11-09,1294.6600341796875
2017-11-10,1303.06005859375
2017-11-13,1306.5799560546875
2017-11-14,1305.0
2017-11-15,1293.199951171875
2017-11-16,1313.1099853515625
2017-11-17,1306.9300537109375
2017-11-20,1322.81005859375
2017-11-21,1337.9200439453125
2017-11-22,1329.0999755859375
2017-11-24,1341.68994140625
2017-11-27,1324.1500244140625
2017-11-28,1323.0799560546875
2017-11-29,1265.010009765625
2017-11-30,1272.550048828125
2017-12-01,1258.6500244140625
2017-12-04,1227.8499755859375
2017-12-05,1228.510009765625
2017-12-06,1232.260009765625
2017-12-07,1244.52001953125
2017-12-08,1238.239990234375
2017-12-11,1245.5799560546875
2017-12-12,1233.1800537109375
2017-12-13,1233.0400390625
2017-12-14,1232.4300537109375
2017-12-15,1250.8900146484375
2017-12-18,1277.9100341796875
2017-12-19,1276.52001953125
2017-12-20,1285.43994140625
2017-12-21,1271.81005859375
2017-12-22,1271.1700439453125
2017-12-26,1258.8800048828125
2017-12-27,1263.3599853515625
2017-12-28,1266.300048828125
2017-12-29,1253.050048828125
2018-01-02,1287.699951171875
2018-01-03,1309.8599853515625
2018-01-04,1317.239990234375
2018-01-05,1325.7099609375
2018-01-08,1335.5400390625
2018-01-09,1322.5699462890625
2018-01-10,1306.219970703125
2018-01-11,1314.3399658203125
2018-01-12,1322.0999755859375
2018-01-16,1325.969970703125
2018-01-17,1364.2900390625
2018-01-18,1370.56005859375
2018-01-19,1372.030029296875
2018-01-22,1382.4100341796875
2018-01-23,1392.8599853515625
2018-01-24,1360.6800537109375
2018-01-25,1337.6199951171875
2018-01-26,1381.27001953125
2018-01-29,1378.4200439453125
2018-01-30,1350.43994140625
2018-01-31,1361.5
2018-02-01,1355.0699462890625
2018-02-02,1317.97998046875
2018-02-05,1255.81005859375
2018-02-06,1301.6600341796875
2018-02-07,1272.5
2018-02-08,1218.6600341796875
2018-02-09,1255.81005859375
2018-02-12,1279.1400146484375
2018-02-13,1278.510009765625
2018-02-14,1307.050048828125
2018-02-15,1322.949951171875
2018-02-16,1318.3199462890625
2018-02-20,1341.530029296875
2018-02-21,1325.3499755859375
2018-02-22,1322.0899658203125
2018-02-23,1351.0899658203125
2018-02-26,1380.27001953125
2018-02-27,1374.719970703125
2018-02-28,1362.02001953125
2018-03-01,1340.1400146484375
2018-03-02,1363.780029296875
2018-03-05,1375.8599853515625
2018-03-06,1396.469970703125
2018-03-07,1400.469970703125
2018-03-08,1402.050048828125
2018-03-09,1431.1600341796875
2018-03-12,1445.9000244140625
2018-03-13,1423.4599609375
2018-03-14,1423.5
2018-03-15,1422.0699462890625
2018-03-16,1422.5400390625
2018-03-19,1394.8199462890625
2018-03-20,1405.5
2018-03-21,1407.97998046875
2018-03-22,1368.97998046875
2018-03-23,1323.9200439453125
2018-03-26,1380.0999755859375
2018-03-27,1327.93994140625
2018-03-28,1299.8199462890625
2018-03-29,1328.9000244140625
2018-04-02,1277.010009765625
2018-04-03,1302.0899658203125
2018-04-04,1319.010009765625
2018-04-05,1305.239990234375
2018-04-06,1265.25
2018-04-09,1273.800048828125
2018-04-10,1314.5400390625
2018-04-11,1315.06005859375
2018-04-12,1339.6600341796875
2018-04-13,1329.4000244140625
2018-04-16,1332.52001953125
2018-04-17,1357.719970703125
2018-04-18,1343.780029296875
2018-04-19,1285.8800048828125
2018-04-20,1270.8299560546875
2018-04-23,1253.97998046875
2018-04-24,1243.6700439453125
2018-04-25,1242.18994140625
2018-04-26,1268.2099609375
2018-04-27,1258.1099853515625
2018-04-30,1244.4000244140625
2018-05-01,1265.93994140625
2018-05-02,1259.4200439453125
2018-05-03,1267.43994140625
2018-05-04,1296.72998046875
2018-05-07,1308.47998046875
2018-05-08,1318.02001953125
2018-05-09,1336.6800537109375
2018-05-10,1360.719970703125
2018-05-11,1350.4599609375
2018-05-14,1367.5
2018-05-15,1351.0999755859375
2018-05-16,1370.0999755859375
2018-05-17,1364.8699951171875
2018-05-18,1345.199951171875
2018-05-21,1359.3399658203125
2018-05-22,1366.969970703125
2018-05-23,1373.949951171875
2018-05-24,1378.719970703125
2018-05-25,1390.8399658203125
2018-05-29,1380.9200439453125
2018-05-30,1389.9100341796875
2018-05-31,1379.0
2018-06-01,1411.31005859375
2018-06-04,1422.6700439453125
2018-06-05,1428.510009765625
2018-06-06,1437.93994140625
2018-06-07,1424.3399658203125
2018-06-08,1412.2900390625
2018-06-11,1408.989990234375
2018-06-12,1416.3699951171875
2018-06-13,1414.47998046875
2018-06-14,1423.1199951171875
2018-06-15,1422.0400390625
2018-06-18,1407.9100341796875
2018-06-19,1391.5799560546875
2018-06-20,1398.5999755859375
2018-06-21,1381.010009765625
2018-06-22,1371.0
2018-06-25,1328.0400390625
2018-06-26,1333.4000244140625
2018-06-27,1300.510009765625
2018-06-28,1311.6400146484375
2018-06-29,1313.699951171875
2018-07-02,1321.81005859375
2018-07-03,1297.7099609375
2018-07-05,1332.9599609375
2018-07-06,1349.18994140625
2018-07-09,1358.030029296875
2018-07-10,1372.25
2018-07-11,1336.7099609375
2018-07-12,1346.199951171875
2018-07-13,1340.8299560546875
2018-07-16,1339.239990234375
2018-07-17,1358.989990234375
2018-07-18,1369.4599609375
2018-07-19,1365.8199462890625
2018-07-20,1359.18994140625
2018-07-23,1361.3800048828125
2018-07-24,1346.5799560546875
2018-07-25,1353.1500244140625
2018-07-26,1378.4200439453125
2018-07-27,1372.239990234375
2018-07-30,1358.56005859375
2018-07-31,1367.469970703125
2018-08-01,1365.1099853515625
2018-08-02,1378.8299560546875
2018-08-03,1381.6400146484375
2018-08-06,1389.219970703125
2018-08-07,1400.0
2018-08-08,1403.77001953125
2018-08-09,1389.06005859375
2018-08-10,1354.800048828125
2018-08-13,1356.75
2018-08-14,1354.18994140625
2018-08-15,1334.8599853515625
2018-08-16,1333.0899658203125
2018-08-17,1323.4100341796875
2018-08-20,1322.0999755859375
2018-08-21,1348.280029296875
2018-08-22,1354.530029296875
2018-08-23,1356.1300048828125
2018-08-24,1375.8800048828125
2018-08-27,1397.4599609375
2018-08-28,1402.949951171875
2018-08-29,1406.3800048828125
2018-08-30,1393.1700439453125
2018-08-31,1401.199951171875
2018-09-04,1410.9300537109375
2018-09-05,1403.8199462890625
2018-09-06,1366.3499755859375
2018-09-07,1360.77001953125
2018-09-10,1375.739990234375
2018-09-11,1361.8900146484375
2018-09-12,1346.02001953125
2018-09-13,1362.199951171875
2018-09-14,1377.31005859375
2018-09-17,1357.47998046875
2018-09-18,1368.8699951171875
2018-09-19,1371.6800537109375
2018-09-20,1387.6700439453125
2018-09-21,1383.0899658203125
2018-09-24,1388.4599609375
2018-09-25,1364.8199462890625
2018-09-26,1351.8499755859375
2018-09-27,1357.8699951171875
2018-09-28,1366.739990234375
2018-10-01,1370.43994140625
2018-10-02,1370.8699951171875
2018-10-03,1372.4000244140625
2018-10-04,1347.1600341796875
2018-10-05,1315.8399658203125
2018-10-08,1301.0
2018-10-09,1300.1500244140625
2018-10-10,1242.0999755859375
2018-10-11,1229.3599853515625
2018-10-12,1253.5799560546875
2018-10-15,1241.8199462890625
2018-10-16,1282.949951171875
2018-10-17,1277.31005859375
2018-10-18,1245.300048828125
2018-10-19,1225.93994140625
2018-10-22,1234.199951171875
2018-10-23,1227.6099853515625
2018-10-24,1146.4100341796875
2018-10-25,1173.2099609375
2018-10-26,1153.0
2018-10-29,1140.1500244140625
2018-10-30,1187.5699462890625
2018-10-31,1202.300048828125
2018-11-01,1258.0799560546875
2018-11-02,1239.1600341796875
2018-11-05,1228.5999755859375
2018-11-06,1242.6300048828125
2018-11-07,1257.469970703125
2018-11-08,1252.22998046875
2018-11-09,1229.050048828125
2018-11-12,1174.489990234375
2018-11-13,1190.3699951171875
2018-11-14,1194.7099609375
2018-11-15,1234.6199951171875
2018-11-16,1220.1400146484375
2018-11-19,1173.010009765625
2018-11-20,1174.8199462890625
2018-11-21,1179.72998046875
2018-11-23,1179.239990234375
2018-11-26,1201.719970703125
2018-11-27,1204.0799560546875
2018-11-28,1231.449951171875
2018-11-29,1221.4300537109375
2018-11-30,1239.5999755859375
2018-12-03,1272.739990234375
2018-12-04,1209.3499755859375
2018-12-06,1202.8299560546875
2018-12-07,1157.8599853515625
2018-12-10,1174.18994140625
2018-12-11,1181.47998046875
2018-12-12,1198.9000244140625
2018-12-13,1194.5899658203125
2018-12-14,1177.5699462890625
2018-12-17,1162.4599609375
2018-12-18,1177.3599853515625
2018-12-19,1127.43994140625
2018-12-20,1117.739990234375
2018-12-21,1101.2900390625
2018-12-24,1069.3900146484375
2018-12-26,1131.0999755859375
2018-12-27,1139.489990234375
2018-12-28,1147.3699951171875
2018-12-31,1155.1700439453125
2019-01-02,1165.300048828125
2019-01-03,1096.030029296875
2019-01-04,1143.9599609375
2019-01-07,1166.239990234375
2019-01-08,1160.550048828125
2019-01-09,1189.8399658203125
2019-01-10,1201.4000244140625
2019-01-11,1213.0400390625
2019-01-14,1194.280029296875
2019-01-15,1197.030029296875
2019-01-16,1187.18994140625
2019-01-17,1200.760009765625
2019-01-18,1228.3299560546875
2019-01-22,1193.3599853515625
2019-01-23,1185.949951171875
2019-01-24,1253.9100341796875
2019-01-25,1281.1600341796875
2019-01-28,1254.4000244140625
2019-01-29,1236.25
2019-01-30,1271.760009765625
2019-01-31,1272.0899658203125
2019-02-01,1287.4000244140625
2019-02-04,1293.8800048828125
2019-02-05,1300.1300048828125
2019-02-06,1333.760009765625
2019-02-07,1303.9200439453125
2019-02-08,1302.4200439453125
2019-02-11,1308.8800048828125
2019-02-12,1336.719970703125
2019-02-13,1340.7099609375
2019-02-14,1344.1099853515625
2019-02-15,1351.1800537109375
2019-02-19,1348.489990234375
2019-02-20,1360.280029296875
2019-02-21,1350.25
2019-02-22,1364.780029296875
2019-02-25,1375.949951171875
2019-02-26,1366.5799560546875
2019-02-27,1349.8699951171875
2019-02-28,1350.199951171875
2019-03-01,1363.1300048828125
2019-03-04,1363.25
2019-03-05,1356.9000244140625
2019-03-06,1333.8199462890625
2019-03-07,1319.0899658203125
2019-03-08,1318.2099609375
2019-03-11,1349.8800048828125
2019-03-12,1355.1199951171875
2019-03-13,1360.77001953125
2019-03-14,1353.06005859375
2019-03-15,1392.3599853515625
2019-03-18,1388.77001953125
2019-03-19,1407.3499755859375
2019-03-20,1393.010009765625
2019-03-21,1441.8299560546875
2019-03-22,1400.3699951171875
2019-03-25,1382.75
2019-03-26,1396.75
2019-03-27,1376.47998046875
2019-03-28,1373.800048828125
2019-03-29,1395.510009765625
2019-04-01,1430.239990234375
2019-04-02,1431.6300048828125
2019-04-03,1464.18994140625
2019-04-04,1465.8900146484375
2019-04-05,1477.6500244140625
2019-04-08,1481.3800048828125
2019-04-09,1464.52001953125
2019-04-10,1477.1600341796875
2019-04-11,1476.0699462890625
2019-04-12,1497.1199951171875
2019-04-15,1485.8199462890625
2019-04-16,1533.219970703125
2019-04-17,1557.0799560546875
2019-04-18,1558.1300048828125
2019-04-22,1558.2900390625
2019-04-23,1574.050048828125
2019-04-24,1589.02001953125
2019-04-25,1560.3199462890625
2019-04-26,1547.4000244140625
2019-04-29,1544.43994140625
2019-04-30,1556.1800537109375
2019-05-01,1543.47998046875
2019-05-02,1560.6099853515625
2019-05-03,1570.699951171875
2019-05-06,1543.72998046875
2019-05-07,1506.3199462890625
2019-05-08,1494.47998046875
2019-05-09,1476.800048828125
2019-05-10,1478.8699951171875
2019-05-13,1408.949951171875
2019-05-14,1442.8299560546875
2019-05-15,1454.5
2019-05-16,1430.1099853515625
2019-05-17,1402.010009765625
2019-05-20,1345.5799560546875
2019-05-21,1374.2099609375
2019-05-22,1345.0400390625
2019-05-23,1322.8399658203125
2019-05-24,1311.969970703125
2019-05-28,1300.300048828125
2019-05-29,1305.5699462890625
2019-05-30,1315.2900390625
2019-05-31,1296.1800537109375
2019-06-03,1300.52001953125
2019-06-04,1355.260009765625
2019-06-05,1345.0999755859375
2019-06-06,1363.1300048828125
2019-06-07,1378.81005859375
2019-06-10,1413.8900146484375
2019-06-11,1418.02001953125
2019-06-12,1384.949951171875
2019-06-13,1392.93994140625
2019-06-14,1356.550048828125
2019-06-17,1347.8599853515625
2019-06-18,1406.1600341796875
2019-06-19,1407.300048828125
2019-06-20,1421.030029296875
2019-06-21,1410.5
2019-06-24,1412.0799560546875
2019-06-25,1391.1199951171875
2019-06-26,1435.8299560546875
2019-06-27,1456.9000244140625
2019-06-28,1458.9599609375
2019-07-01,1497.550048828125
2019-07-02,1476.8299560546875
2019-07-03,1470.489990234375
2019-07-05,1461.699951171875
2019-07-08,1450.4100341796875
2019-07-09,1461.2099609375
2019-07-10,1471.510009765625
2019-07-11,1476.280029296875
2019-07-12,1504.280029296875
2019-07-15,1515.9200439453125
2019-07-16,1499.6400146484375
2019-07-17,1503.8699951171875
2019-07-18,1526.969970703125
2019-07-19,1523.9100341796875
2019-07-22,1554.0899658203125
2019-07-23,1573.27001953125
2019-07-24,1622.02001953125
2019-07-25,1594.1199951171875
2019-07-26,1593.8599853515625
2019-07-29,1598.02001953125
2019-07-30,1593.8199462890625
2019-07-31,1542.43994140625
2019-08-01,1511.97998046875
2019-08-02,1488.4300537109375
2019-08-05,1423.52001953125
2019-08-06,1441.77001953125
2019-08-07,1452.1199951171875
2019-08-08,1491.260009765625
2019-08-09,1464.3399658203125
2019-08-12,1446.97998046875
2019-08-13,1489.6600341796875
2019-08-14,1442.5400390625
2019-08-15,1439.2900390625
2019-08-16,1479.25
2019-08-19,1506.989990234375
2019-08-20,1498.9000244140625
2019-08-21,1512.719970703125
2019-08-22,1512.25
2019-08-23,1446.3800048828125
2019-08-26,1458.8800048828125
2019-08-27,1454.1199951171875
2019-08-28,1462.8499755859375
2019-08-29,1495.8199462890625
2019-08-30,1504.9200439453125
2019-09-03,1478.3199462890625
2019-09-04,1519.550048828125
2019-09-05,1566.2099609375
2019-09-06,1568.3399658203125
2019-09-09,1576.3900146484375
2019-09-10,1583.1500244140625
2019-09-11,1606.18994140625
2019-09-12,1610.7900390625
2019-09-13,1605.6500244140625
2019-09-16,1594.489990234375
2019-09-17,1599.739990234375
2019-09-18,1600.949951171875
2019-09-19,1592.0699462890625
2019-09-20,1563.0
2019-09-23,1578.0899658203125
2019-09-24,1551.989990234375
2019-09-25,1579.56005859375
2019-09-26,1580.0999755859375
2019-09-27,1542.8699951171875
2019-09-30,1558.75
2019-10-01,1544.199951171875
2019-10-02,1519.77001953125
2019-10-03,1545.760009765625
2019-10-04,1574.3900146484375
2019-10-07,1563.1700439453125
2019-10-08,1514.449951171875
2019-10-09,1540.8499755859375
2019-10-10,1555.7900390625
2019-10-11,1591.1300048828125
2019-10-14,1590.4000244140625
2019-10-15,1625.68994140625
2019-10-16,1601.7900390625
2019-10-17,1607.1600341796875
2019-10-18,1590.0899658203125
2019-10-21,1620.0400390625
2019-10-22,1607.5999755859375
2019-10-23,1576.5799560546875
2019-10-24,1615.510009765625
2019-10-25,1648.6700439453125
2019-10-28,1677.5699462890625
2019-10-29,1662.4599609375
2019-10-30,1661.4599609375
2019-10-31,1651.219970703125
2019-11-01,1689.9300537109375
2019-11-04,1726.9200439453125
2019-11-05,1730.1500244140625
2019-11-06,1715.6700439453125
2019-11-07,1727.6800537109375
2019-11-08,1736.780029296875
2019-11-11,1727.5899658203125
2019-11-12,1732.4200439453125
2019-11-13,1732.8599853515625
2019-11-14,1727.5899658203125
2019-11-15,1742.9300537109375
2019-11-18,1738.780029296875
2019-11-19,1730.5
2019-11-20,1710.1400146484375
2019-11-21,1690.8299560546875
2019-11-22,1690.7900390625
2019-11-25,1731.949951171875
2019-11-26,1723.260009765625
2019-11-27,1735.9100341796875
2019-11-29,1716.8399658203125
2019-12-02,1691.75
2019-12-03,1665.7099609375
2019-12-04,1691.449951171875
2019-12-05,1697.6600341796875
2019-12-06,1724.2099609375
2019-12-09,1714.97998046875
2019-12-10,1720.9000244140625
2019-12-11,1759.199951171875
2019-12-12,1806.8699951171875
2019-12-13,1796.0400390625
2019-12-16,1813.31005859375
2019-12-17,1821.9200439453125
2019-12-18,1820.2900390625
2019-12-19,1834.969970703125
2019-12-20,1853.8699951171875
2019-12-23,1857.1199951171875
2019-12-24,1862.199951171875
2019-12-26,1864.489990234375
2019-12-27,1858.5899658203125
2019-12-30,1844.3900146484375
2019-12-31,1849.6199951171875
2020-01-02,1887.9100341796875
2020-01-03,1853.97998046875
2020-01-06,1834.6800537109375
2020-01-07,1867.280029296875
2020-01-08,1867.5899658203125
2020-01-09,1878.72998046875
2020-01-10,1866.3499755859375
2020-01-13,1890.7900390625
2020-01-14,1894.6400146484375
2020-01-15,1872.1600341796875
2020-01-16,1903.9300537109375
2020-01-17,1916.6199951171875
2020-01-21,1915.0
2020-01-22,1930.22998046875
2020-01-23,1945.3699951171875
2020-01-24,1924.030029296875
2020-01-27,1848.8599853515625
2020-01-28,1893.27001953125
2020-01-29,1858.699951171875
2020-01-30,1855.800048828125
2020-01-31,1789.9300537109375
2020-02-03,1812.1800537109375
2020-02-04,1868.6500244140625
2020-02-05,1909.52001953125
2020-02-06,1909.6400146484375
2020-02-07,1864.3599853515625
2020-02-10,1892.800048828125
2020-02-11,1931.0799560546875
2020-02-12,1958.8199462890625
2020-02-13,1960.3399658203125
2020-02-14,1956.56005859375
2020-02-18,1929.1199951171875
2020-02-19,1979.5
2020-02-20,1949.25
2020-02-21,1891.050048828125
2020-02-24,1801.22998046875
2020-02-25,1746.1099853515625
2020-02-26,1749.949951171875
2020-02-27,1668.6500244140625
2020-02-28,1705.5400390625
2020-03-02,1765.3800048828125
2020-03-03,1705.260009765625
2020-03-04,1789.5699462890625
2020-03-05,1734.030029296875
2020-03-06,1699.8900146484375
2020-03-09,1558.1600341796875
2020-03-10,1656.5
2020-03-11,1562.5400390625
2020-03-12,1392.1099853515625
2020-03-13,1544.260009765625
2020-03-16,1298.780029296875
2020-03-17,1426.52001953125
2020-03-18,1286.8399658203125
2020-03-19,1341.219970703125
2020-03-20,1298.5400390625
2020-03-23,1342.1199951171875
2020-03-24,1491.8299560546875
2020-03-25,1472.5699462890625
2020-03-26,1572.6099853515625
2020-03-27,1488.75
2020-03-30,1545.31005859375
2020-03-31,1510.5899658203125
2020-04-01,1427.72998046875
2020-04-02,1474.6099853515625
2020-04-03,1443.0400390625
2020-04-06,1592.8800048828125
2020-04-07,1585.3800048828125
2020-04-08,1639.8900146484375
2020-04-09,1601.72998046875
2020-04-13,1623.6800537109375
2020-04-14,1695.760009765625
2020-04-15,1647.9100341796875
2020-04-16,1690.8699951171875
2020-04-17,1705.6400146484375
2020-04-20,1667.5699462890625
2020-04-21,1588.699951171875
2020-04-22,1682.1199951171875
2020-04-23,1664.6700439453125
2020-04-24,1702.56005859375
2020-04-27,1725.0400390625
2020-04-28,1713.2099609375
2020-04-29,1797.760009765625
2020-04-30,1731.239990234375
2020-05-01,1644.4000244140625
2020-05-04,1661.300048828125
2020-05-05,1689.5
2020-05-06,1707.75
2020-05-07,1724.9300537109375
2020-05-08,1775.6099853515625
2020-05-11,1774.31005859375
2020-05-12,1725.239990234375
2020-05-13,1691.5699462890625
2020-05-14,1739.050048828125
2020-05-15,1700.8900146484375
2020-05-18,1782.5400390625
2020-05-19,1775.6099853515625
2020-05-20,1840.7900390625
2020-05-21,1790.9599609375
2020-05-22,1802.31005859375
2020-05-26,1820.510009765625
2020-05-27,1847.31005859375
2020-05-28,1804.6600341796875
2020-05-29,1852.489990234375
2020-06-01,1843.239990234375
2020-06-02,1883.4100341796875
2020-06-03,1937.469970703125
2020-06-04,1953.469970703125
2020-06-05,2003.760009765625
2020-06-08,1998.6199951171875
2020-06-09,1998.0899658203125
2020-06-10,2004.6600341796875
2020-06-11,1876.6600341796875
2020-06-12,1903.8499755859375
2020-06-15,1931.010009765625
2020-06-16,1965.68994140625
2020-06-17,1984.0799560546875
2020-06-18,1980.1400146484375
2020-06-19,1966.7900390625
2020-06-22,1983.3599853515625
2020-06-23,1987.72998046875
2020-06-24,1944.300048828125
2020-06-25,1961.050048828125
2020-06-26,1921.9200439453125
2020-06-29,1943.9000244140625
2020-06-30,1996.43994140625
2020-07-01,1966.97998046875
2020-07-02,1993.6099853515625
2020-07-06,2046.81005859375
2020-07-07,2019.77001953125
2020-07-08,2049.760009765625
2020-07-09,2076.719970703125
2020-07-10,2069.7900390625
2020-07-13,2034.1400146484375
2020-07-14,2069.7900390625
2020-07-15,2064.169921875
2020-07-16,2055.919921875
2020-07-17,2068.989990234375
2020-07-20,2110.469970703125
2020-07-21,2096.590087890625
2020-07-22,2105.429931640625
2020-07-23,2070.969970703125
2020-07-24,2038.7099609375
2020-07-27,2104.6201171875
2020-07-28,2060.39990234375
2020-07-29,2106.300048828125
2020-07-30,2147.550048828125
2020-07-31,2136.409912109375
2020-08-03,2177.27001953125
2020-08-04,2209.81005859375
2020-08-05,2207.56005859375
2020-08-06,2204.93994140625
2020-08-07,2178.860107421875
2020-08-10,2179.60009765625
2020-08-11,2154.7900390625
2020-08-12,2227.219970703125
2020-08-13,2202.409912109375
2020-08-14,2200.81005859375
2020-08-17,2227.610107421875
2020-08-18,2214.659912109375
2020-08-19,2200.77001953125
2020-08-20,2181.0400390625
2020-08-21,2198.330078125
2020-08-24,2219.3701171875
2020-08-25,2243.06005859375
2020-08-26,2250.22998046875
2020-08-27,2220.14990234375
2020-08-28,2264.139892578125
2020-08-31,2260.429931640625
2020-09-01,2304.679931640625
2020-09-02,2370.179931640625
2020-09-03,2234.22998046875
2020-09-04,2212.72998046875
2020-09-08,2108.610107421875
2020-09-09,2169.610107421875
2020-09-10,2137.780029296875
2020-09-11,2136.3701171875
2020-09-14,2181.75
2020-09-15,2219.18994140625
2020-09-16,2195.5400390625
2020-09-17,2194.14990234375
2020-09-18,2160.969970703125
2020-09-21,2154.280029296875
2020-09-22,2180.260009765625
2020-09-23,2126.68994140625
2020-09-24,2147.419921875
2020-09-25,2177.840087890625
2020-09-28,2237.639892578125
2020-09-29,2242.52001953125
2020-09-30,2244.1201171875
2020-10-01,2291.77001953125
2020-10-02,2221.1201171875
2020-10-05,2295.56005859375
2020-10-06,2281.090087890625
2020-10-07,2328.840087890625
2020-10-08,2356.159912109375
2020-10-09,2398.0400390625
2020-10-12,2433.47998046875
2020-10-13,2430.1298828125
2020-10-14,2417.199951171875
2020-10-15,2411.1298828125
2020-10-16,2399.760009765625
2020-10-19,2385.85009765625
2020-10-20,2385.820068359375
2020-10-21,2367.260009765625
2020-10-22,2370.449951171875
2020-10-23,2360.22998046875
2020-10-26,2308.449951171875
2020-10-27,2300.909912109375
2020-10-28,2222.97998046875
2020-10-29,2283.64990234375
2020-10-30,2246.14990234375
2020-11-02,2260.070068359375
2020-11-03,2302.72998046875
2020-11-04,2384.219970703125
2020-11-05,2489.159912109375
2020-11-06,2529.27001953125
2020-11-09,2497.590087890625
2020-11-10,2422.330078125
2020-11-11,2511.239990234375
2020-11-12,2478.429931640625
2020-11-13,2508.820068359375
2020-11-16,2570.97998046875
2020-11-17,2548.9599609375
2020-11-18,2530.590087890625
2020-11-19,2570.219970703125
2020-11-20,2555.5
2020-11-23,2595.25
2020-11-24,2609.010009765625
2020-11-25,2600.239990234375
2020-11-27,2631.56005859375
2020-11-30,2663.489990234375
2020-12-01,2709.72998046875
2020-12-02,2716.35009765625
2020-12-03,2716.14990234375
2020-12-04,2793.030029296875
2020-12-07,2806.610107421875
2020-12-08,2816.27001953125
2020-12-09,2734.77001953125
2020-12-10,2733.669921875
2020-12-11,2704.080078125
2020-12-14,2736.25
2020-12-15,2774.7900390625
2020-12-16,2773.419921875
2020-12-17,2778.139892578125
2020-12-18,2764.739990234375
2020-12-21,2747.2900390625
2020-12-22,2743.969970703125
2020-12-23,2723.530029296875
2020-12-24,2750.239990234375
2020-12-28,2744.300048828125
2020-12-29,2738.050048828125
2020-12-30,2783.77001953125
2020-12-31,2795.5
2021-01-04,2783.2099609375
2021-01-05,2837.169921875
2021-01-06,2827.9599609375
2021-01-07,2937.0
2021-01-08,2936.469970703125
2021-01-11,2969.919921875
2021-01-12,2988.02001953125
2021-01-13,2991.949951171875
2021-01-14,3055.639892578125
2021-01-15,2992.77001953125
2021-01-19,3093.320068359375
2021-01-20,3085.0400390625
2021-01-21,3132.169921875
2021-01-22,3074.39990234375
2021-01-25,3079.2099609375
2021-01-26,3031.77001953125
2021-01-27,2875.1298828125
2021-01-28,2935.1201171875
2021-01-29,2887.080078125
2021-02-01,2999.989990234375
2021-02-02,3047.330078125
2021-02-03,2982.8701171875
2021-02-04,3008.419921875
2021-02-05,2985.010009765625
2021-02-08,3078.47998046875
2021-02-09,3064.949951171875
2021-02-10,3074.860107421875
2021-02-11,3180.840087890625
2021-02-12,3219.8701171875
2021-02-16,3238.919921875
2021-02-17,3178.239990234375
2021-02-18,3146.7900390625
2021-02-19,3223.4599609375
2021-02-22,3102.010009765625
2021-02-23,3083.8798828125
2021-02-24,3183.739990234375
2021-02-25,2999.159912109375
2021-02-26,3067.6201171875
2021-03-01,3169.110107421875
2021-03-02,3070.93994140625
2021-03-03,2975.580078125
2021-03-04,2831.6298828125
2021-03-05,2920.75
2021-03-08,2762.75
2021-03-09,2932.2099609375
2021-03-10,2879.320068359375
2021-03-11,2997.1298828125
2021-03-12,2965.090087890625
2021-03-15,3032.050048828125
2021-03-16,3070.320068359375
2021-03-17,3107.919921875
2021-03-18,2976.219970703125
2021-03-19,3011.3701171875
2021-03-22,3077.550048828125
2021-03-23,2994.2099609375
2021-03-24,2953.969970703125
2021-03-25,2959.8798828125
2021-03-26,3106.280029296875
2021-03-29,3054.6298828125
2021-03-30,3044.550048828125
2021-03-31,3124.93994140625
2021-04-01,3240.169921875
2021-04-05,3305.429931640625
2021-04-06,3266.10009765625
2021-04-07,3266.4599609375
2021-04-08,3301.260009765625
2021-04-09,3294.530029296875
2021-04-12,3258.330078125
2021-04-13,3252.699951171875
2021-04-14,3213.8798828125
2021-04-15,3271.330078125
2021-04-16,3253.080078125
2021-04-19,3171.0
2021-04-20,3121.429931640625
2021-04-21,3207.25
2021-04-22,3133.169921875
2021-04-23,3196.97998046875
2021-04-26,3250.260009765625
2021-04-27,3225.610107421875
2021-04-28,3178.489990234375
2021-04-29,3202.5
2021-04-30,3108.989990234375
2021-05-03,3073.3798828125
2021-05-04,3024.31005859375
2021-05-05,3042.8798828125
2021-05-06,3066.219970703125
2021-05-07,3112.030029296875
2021-05-10,2967.110107421875
2021-05-11,2976.010009765625
2021-05-12,2851.14990234375
2021-05-13,2893.93994140625
2021-05-14,2981.419921875
2021-05-17,2954.6298828125
2021-05-18,2929.14990234375
2021-05-19,2987.280029296875
2021-05-20,3066.110107421875
2021-05-21,3052.10009765625
2021-05-24,3122.97998046875
2021-05-25,3134.669921875
2021-05-26,3140.97998046875
2021-05-27,3159.27001953125
2021-05-28,3186.56005859375
2021-06-01,3174.320068359375
2021-06-02,3196.97998046875
2021-06-03,3139.18994140625
2021-06-04,3214.139892578125
2021-06-07,3191.659912109375
2021-06-08,3171.219970703125
2021-06-09,3158.47998046875
2021-06-10,3196.2099609375
2021-06-11,3210.06005859375
2021-06-14,3255.340087890625
2021-06-15,3225.97998046875
2021-06-16,3201.010009765625
2021-06-17,3231.7099609375
2021-06-18,3152.81005859375
2021-06-21,3171.989990234375
2021-06-22,3185.429931640625
2021-06-23,3197.219970703125
2021-06-24,3253.800048828125
2021-06-25,3241.47998046875
2021-06-28,3323.139892578125
2021-06-29,3348.8701171875
2021-06-30,3345.31005859375
2021-07-01,3295.06005859375
2021-07-02,3315.830078125
2021-07-06,3307.919921875
2021-07-07,3261.72998046875
2021-07-08,3222.81005859375
2021-07-09,3278.389892578125
2021-07-12,3319.0
2021-07-13,3300.81005859375
2021-07-14,3289.179931640625
2021-07-15,3217.739990234375
2021-07-16,3145.449951171875
2021-07-19,3147.510009765625
2021-07-20,3190.949951171875
2021-07-21,3288.75
2021-07-22,3259.419921875
2021-07-23,3280.06005859375
2021-07-26,3276.919921875
2021-07-27,3215.969970703125
2021-07-28,3272.449951171875
2021-07-29,3333.239990234375
2021-07-30,3356.530029296875
2021-08-02,3377.489990234375
2021-08-03,3396.659912109375
2021-08-04,3436.89990234375
2021-08-05,3424.4599609375
2021-08-06,3412.050048828125
2021-08-09,3399.760009765625
2021-08-10,3358.8701171875
2021-08-11,3350.929931640625
2021-08-12,3312.9599609375
2021-08-13,3335.0400390625
2021-08-16,3322.639892578125
2021-08-17,3256.820068359375
2021-08-18,3208.830078125
2021-08-19,3235.8701171875
2021-08-20,3256.5
2021-08-23,3342.010009765625
2021-08-24,3345.389892578125
2021-08-25,3372.550048828125
2021-08-26,3370.389892578125
2021-08-27,3436.449951171875
2021-08-30,3446.43994140625
2021-08-31,3417.719970703125
2021-09-01,3399.949951171875
2021-09-02,3411.320068359375
2021-09-03,3430.889892578125
2021-09-07,3419.72998046875
2021-09-08,3377.679931640625
2021-09-09,3390.840087890625
2021-09-10,3416.659912109375
2021-09-13,3449.679931640625
2021-09-14,3449.389892578125
2021-09-15,3465.760009765625
2021-09-16,3473.60009765625
2021-09-17,3421.159912109375
2021-09-20,3338.22998046875
2021-09-21,3345.030029296875
2021-09-22,3412.02001953125
2021-09-23,3457.449951171875
2021-09-24,3453.919921875
2021-09-27,3445.43994140625
2021-09-28,3314.389892578125
2021-09-29,3263.840087890625
2021-09-30,3258.090087890625
2021-10-01,3261.179931640625
2021-10-04,3180.06005859375
2021-10-05,3227.25
2021-10-06,3238.7900390625
2021-10-07,3274.47998046875
2021-10-08,3246.27001953125
2021-10-11,3221.22998046875
2021-10-12,3178.14990234375
2021-10-13,3192.75
2021-10-14,3291.239990234375
2021-10-15,3314.409912109375
2021-10-18,3338.780029296875
2021-10-19,3381.449951171875
2021-10-20,3374.219970703125
2021-10-21,3412.050048828125
2021-10-22,3370.280029296875
2021-10-25,3392.389892578125
2021-10-26,3392.9599609375
2021-10-27,3360.2900390625
2021-10-28,3438.830078125
2021-10-29,3451.27001953125
2021-11-01,3506.280029296875
2021-11-02,3548.860107421875
2021-11-03,3590.169921875
2021-11-04,3715.760009765625
2021-11-05,3756.550048828125
2021-11-08,3803.330078125
2021-11-09,3800.570068359375
2021-11-10,3693.02001953125
2021-11-11,3764.489990234375
2021-11-12,3794.5
2021-11-15,3793.75
2021-11-16,3859.39990234375
2021-11-17,3831.43994140625
2021-11-18,3899.9599609375
2021-11-19,3912.02001953125
2021-11-22,3847.1201171875
2021-11-23,3834.429931640625
2021-11-24,3870.010009765625
2021-11-26,3757.1298828125
2021-11-29,3910.5400390625
2021-11-30,3833.219970703125
2021-12-01,3810.75
2021-12-02,3810.820068359375
2021-12-03,3804.5400390625
2021-12-06,3800.070068359375
2021-12-07,3988.75
2021-12-08,3964.43994140625
2021-12-09,3879.52001953125
2021-12-10,3914.669921875
2021-12-13,3814.429931640625
2021-12-14,3794.409912109375
2021-12-15,3934.4599609375
2021-12-16,3766.320068359375
2021-12-17,3761.0400390625
2021-12-20,3732.389892578125
2021-12-21,3857.300048828125
2021-12-22,3891.919921875
2021-12-23,3932.389892578125
2021-12-27,4039.510009765625
2021-12-28,3992.18994140625
2021-12-29,3999.35009765625
2021-12-30,3952.0400390625
2021-12-31,3946.169921875
2022-01-03,4027.219970703125
2022-01-04,4009.0
2022-01-05,3879.8701171875
2022-01-06,3909.0400390625
2022-01-07,3796.320068359375
2022-01-10,3805.389892578125
2022-01-11,3875.43994140625
2022-01-12,3901.2099609375
2022-01-13,3811.840087890625
2022-01-14,3900.610107421875
2022-01-18,3727.239990234375
2022-01-19,3612.18994140625
2022-01-20,3494.75
2022-01-21,3434.7900390625
2022-01-24,3479.949951171875
2022-01-25,3350.85009765625
2022-01-26,3407.0
2022-01-27,3244.0
2022-01-28,3303.39990234375
2022-01-31,3483.2099609375
2022-02-01,3510.860107421875
2022-02-02,3597.169921875
2022-02-03,3432.550048828125
2022-02-04,3453.070068359375
2022-02-07,3452.330078125
2022-02-08,3535.1298828125
2022-02-09,3653.719970703125
2022-02-10,3536.10009765625
2022-02-11,3365.25
2022-02-14,3370.199951171875
2022-02-15,3554.449951171875
2022-02-16,3555.68994140625
2022-02-17,3422.60009765625
2022-02-18,3384.300048828125
2022-02-22,3356.070068359375
2022-02-23,3277.800048828125
2022-02-24,3399.159912109375
2022-02-25,3452.669921875
2022-02-28,3429.530029296875
2022-03-01,3304.85009765625
2022-03-02,3416.159912109375
2022-03-03,3339.760009765625
2022-03-04,3258.919921875
2022-03-07,3098.929931640625
2022-03-08,3156.8701171875
2022-03-09,3282.179931640625
2022-03-10,3211.070068359375
2022-03-11,3144.14990234375
2022-03-14,3047.5
2022-03-15,3180.239990234375
2022-03-16,3340.070068359375
2022-03-17,3364.550048828125
2022-03-18,3432.300048828125
2022-03-21,3423.239990234375
2022-03-22,3445.85009765625
2022-03-23,3360.320068359375
2022-03-24,3532.719970703125
2022-03-25,3525.340087890625
2022-03-28,3547.169921875
2022-03-29,3625.580078125
2022-03-30,3508.6201171875
2022-03-31,3429.0
2022-04-01,3366.639892578125
2022-04-04,3424.949951171875
2022-04-05,3269.820068359375
2022-04-06,3193.9599609375
2022-04-07,3197.43994140625
2022-04-08,3120.159912109375
2022-04-11,3055.090087890625
2022-04-12,3047.469970703125
2022-04-13,3119.320068359375
2022-04-14,3028.219970703125
2022-04-18,3085.18994140625
2022-04-19,3153.22998046875
2022-04-20,3142.199951171875
2022-04-21,3058.739990234375
2022-04-22,2989.830078125
2022-04-25,3042.389892578125
2022-04-26,2909.1201171875
2022-04-27,2894.909912109375
2022-04-28,3056.360107421875
2022-04-29,2919.739990234375
2022-05-02,3022.239990234375
2022-05-03,3044.889892578125
2022-05-04,3163.7900390625
2022-05-05,3005.530029296875
2022-05-06,2982.06005859375
2022-05-09,2829.10009765625
2022-05-10,2900.1298828125
2022-05-11,2811.93994140625
2022-05-12,2827.2099609375
2022-05-13,2970.3701171875
2022-05-16,2920.06005859375
2022-05-17,3066.5
2022-05-18,2907.9599609375
2022-05-19,2890.330078125
2022-05-20,2882.64990234375
2022-05-23,2898.429931640625
2022-05-24,2827.050048828125
2022-05-25,2882.929931640625
2022-05-26,2994.610107421875
2022-05-27,3115.35009765625
2022-05-31,3098.68994140625
2022-06-01,3049.030029296875
2022-06-02,3157.97998046875
2022-06-03,3062.590087890625
2022-06-06,3062.739990234375
2022-06-07,3092.969970703125
2022-06-08,3019.10009765625
2022-06-09,2937.7900390625
2022-06-10,2831.97998046875
2022-06-13,2673.0
2022-06-14,2689.889892578125
2022-06-15,2737.550048828125
2022-06-16,2566.860107421875
2022-06-17,2578.5400390625
2022-06-21,2649.3701171875
2022-06-22,2619.7099609375
2022-06-23,2602.739990234375
2022-06-24,2718.469970703125
2022-06-27,2713.47998046875
2022-06-28,2642.070068359375
2022-06-29,2583.97998046875
2022-06-30,2556.25
2022-07-01,2458.4599609375
2022-07-05,2477.639892578125
2022-07-06,2494.110107421875
2022-07-07,2605.889892578125
2022-07-08,2618.02001953125
2022-07-11,2553.68994140625
2022-07-12,2558.169921875
2022-07-13,2577.360107421875
2022-07-14,2626.919921875
2022-07-15,2693.77001953125
2022-07-18,2679.570068359375
2022-07-19,2803.139892578125
2022-07-20,2872.9599609375
2022-07-21,2916.81005859375
2022-07-22,2842.409912109375
2022-07-25,2825.030029296875
2022-07-26,2778.9599609375
2022-07-27,2911.0
2022-07-28,2944.5
2022-07-29,2967.139892578125
2022-08-01,2978.320068359375
2022-08-02,2974.75
2022-08-03,3053.4599609375
2022-08-04,3081.409912109375
2022-08-05,3053.389892578125
2022-08-08,3004.340087890625
2022-08-09,2866.89990234375
2022-08-10,2988.7099609375
2022-08-11,2978.699951171875
2022-08-12,3067.840087890625
2022-08-15,3077.330078125
2022-08-16,3045.639892578125
2022-08-17,2970.1201171875
2022-08-18,3037.840087890625
2022-08-19,2953.340087890625
2022-08-22,2843.3701171875
2022-08-23,2864.31005859375
2022-08-24,2866.179931640625
2022-08-25,2971.070068359375
2022-08-26,2798.43994140625
2022-08-29,2744.5
2022-08-30,2708.6298828125
2022-08-31,2677.389892578125
2022-09-01,2625.949951171875
2022-09-02,2599.260009765625
2022-09-06,2571.469970703125
2022-09-07,2611.5
2022-09-08,2658.179931640625
2022-09-09,2721.77001953125
2022-09-12,2731.090087890625
2022-09-13,2562.27001953125
2022-09-14,2591.510009765625
2022-09-15,2549.5400390625
2022-09-16,2563.139892578125
2022-09-19,2577.93994140625
2022-09-20,2539.5
2022-09-21,2514.9599609375
2022-09-22,2444.25
2022-09-23,2408.89990234375
2022-09-26,2373.469970703125
2022-09-27,2398.0400390625
2022-09-28,2427.260009765625
2022-09-29,2347.360107421875
2022-09-30,2306.699951171875
2022-10-03,2393.320068359375
2022-10-04,2500.110107421875
2022-10-05,2523.610107421875
2022-10-06,2508.840087890625
2022-10-07,2356.75
2022-10-10,2275.340087890625
2022-10-11,2218.489990234375
2022-10-12,2198.60009765625
2022-10-13,2263.239990234375
2022-10-14,2162.320068359375
2022-10-17,2211.659912109375
2022-10-18,2220.9599609375
2022-10-19,2237.739990234375
2022-10-20,2253.219970703125
2022-10-21,2336.68994140625
2022-10-24,2351.550048828125
2022-10-25,2404.68994140625
2022-10-26,2376.330078125
2022-10-27,2340.60009765625
2022-10-28,2433.659912109375
2022-10-31,2384.449951171875
2022-11-01,2402.75
2022-11-02,2328.469970703125
2022-11-03,2292.85009765625
2022-11-04,2398.239990234375
2022-11-07,2450.6201171875
2022-11-08,2503.389892578125
2022-11-09,2424.820068359375
2022-11-10,2672.5
2022-11-11,2754.89990234375
2022-11-14,2728.050048828125
2022-11-15,2810.610107421875
2022-11-16,2690.820068359375
2022-11-17,2719.10009765625
2022-11-18,2724.030029296875
2022-11-21,2675.830078125
2022-11-22,2756.820068359375
2022-11-23,2786.419921875
2022-11-25,2751.27001953125
2022-11-28,2678.780029296875
2022-11-29,2670.64990234375
2022-11-30,2826.85009765625
2022-12-01,2804.699951171875
2022-12-02,2771.239990234375
2022-12-05,2738.050048828125
2022-12-06,2673.530029296875
2022-12-07,2673.25
2022-12-08,2744.72998046875
2022-12-09,2721.02001953125
2022-12-12,2779.2099609375
2022-12-13,2821.530029296875
2022-12-14,2777.27001953125
2022-12-15,2661.409912109375
2022-12-16,2636.10009765625
2022-12-19,2599.860107421875
2022-12-20,2583.639892578125
2022-12-21,2644.5
2022-12-22,2533.330078125
2022-12-23,2535.489990234375
2022-12-27,2490.169921875
2022-12-28,2453.489990234375
2022-12-29,2534.949951171875
2022-12-30,2532.110107421875
2023-01-03,2500.989990234375
2023-01-04,2569.4599609375
2023-01-05,2518.52001953125
2023-01-06,2636.10009765625
2023-01-09,2686.75
2023-01-10,2721.2900390625
2023-01-11,2755.360107421875
2023-01-12,2789.64990234375
2023-01-13,2800.659912109375
2023-01-17,2807.47998046875
2023-01-18,2789.469970703125
2023-01-19,2710.43994140625
2023-01-20,2794.68994140625
2023-01-23,2934.830078125
2023-01-24,2913.739990234375
2023-01-25,2918.989990234375
2023-01-26,2966.60009765625
2023-01-27,2945.27001953125
2023-01-30,2866.68994140625
2023-01-31,2921.919921875
2023-02-01,3073.469970703125
2023-02-02,3141.840087890625
2023-02-03,3082.110107421875
2023-02-06,3029.739990234375
2023-02-07,3124.14990234375
2023-02-08,3055.6298828125
2023-02-09,3059.6201171875
2023-02-10,3011.14990234375
2023-02-13,3057.320068359375
2023-02-14,3121.6298828125
2023-02-15,3133.070068359375
2023-02-16,3055.239990234375
2023-02-17,3005.8701171875
2023-02-21,2906.260009765625
2023-02-22,2892.389892578125
2023-02-23,2988.81005859375
2023-02-24,2935.110107421875
2023-02-27,2951.2099609375
2023-02-28,2958.389892578125
2023-03-01,2955.830078125
2023-03-02,2984.110107421875
2023-03-03,3028.340087890625
2023-03-06,2994.590087890625
2023-03-07,2962.419921875
2023-03-08,3041.389892578125
2023-03-09,2980.2099609375
2023-03-10,2923.929931640625
2023-03-13,2921.7099609375
2023-03-14,3010.14990234375
2023-03-15,2977.389892578125
2023-03-16,3098.070068359375
2023-03-17,3083.52001953125
2023-03-20,3114.7099609375
2023-03-21,3116.889892578125
2023-03-22,3091.7099609375
2023-03-23,3174.360107421875
2023-03-24,3121.260009765625
2023-03-27,3083.580078125
2023-03-28,3057.27001953125
2023-03-29,3157.110107421875
2023-03-30,3208.260009765625
2023-03-31,3230.860107421875
2023-04-03,3200.429931640625
2023-04-04,3142.5
2023-04-05,3085.97998046875
2023-04-06,3071.77001953125
2023-04-10,3126.969970703125
2023-04-11,3109.419921875
2023-04-12,3052.52001953125
2023-04-13,3074.93994140625
2023-04-14,3070.449951171875
2023-04-17,3066.679931640625
2023-04-18,3077.719970703125
2023-04-19,3046.3798828125
2023-04-20,3046.280029296875
2023-04-21,3021.43994140625
2023-04-24,3007.510009765625
2023-04-25,2906.2900390625
2023-04-26,2922.989990234375
2023-04-27,2941.590087890625
2023-04-28,2994.969970703125
2023-05-01,3019.090087890625
2023-05-02,2996.860107421875
2023-05-03,2957.3701171875
2023-05-04,2941.6298828125
2023-05-05,3007.68994140625
2023-05-08,3024.409912109375
2023-05-09,2967.840087890625
2023-05-10,2997.510009765625
2023-05-11,2978.719970703125
2023-05-12,2972.85009765625
2023-05-15,3052.639892578125
2023-05-16,3048.7099609375
2023-05-17,3124.679931640625
2023-05-18,3223.489990234375
2023-05-19,3203.489990234375
2023-05-22,3215.0400390625
2023-05-23,3177.43994140625
2023-05-24,3124.090087890625
2023-05-25,3336.719970703125
2023-05-26,3545.669921875
2023-05-30,3549.389892578125
2023-05-31,3453.179931640625
2023-06-01,3506.739990234375
2023-06-02,3501.39990234375
2023-06-05,3444.1201171875
2023-06-06,3488.340087890625
2023-06-07,3477.179931640625
2023-06-08,3514.320068359375
2023-06-09,3524.969970703125
2023-06-12,3641.659912109375
2023-06-13,3683.659912109375
2023-06-14,3739.75
2023-06-15,3708.06005859375
2023-06-16,3673.139892578125
2023-06-20,3647.56005859375
2023-06-21,3549.72998046875
2023-06-22,3569.8701171875
2023-06-23,3506.7099609375
2023-06-26,3515.77001953125
2023-06-27,3642.409912109375
2023-06-28,3609.47998046875
2023-06-29,3614.179931640625
2023-06-30,3673.06005859375
2023-07-03,3703.6201171875
2023-07-05,3622.320068359375
2023-07-06,3577.489990234375
2023-07-07,3577.72998046875
2023-07-10,3651.60009765625
2023-07-11,3653.530029296875
2023-07-12,3721.469970703125
2023-07-13,3797.1298828125
2023-07-14,3750.409912109375
2023-07-17,3837.31005859375
2023-07-18,3842.360107421875
2023-07-19,3801.659912109375
2023-07-20,3663.85009765625
2023-07-21,3698.85009765625
2023-07-24,3692.320068359375
2023-07-25,3755.27001953125
2023-07-26,3699.3701171875
2023-07-27,3768.27001953125
2023-07-28,3851.760009765625
2023-07-31,3861.6298828125
2023-08-01,3858.2099609375
2023-08-02,3711.60009765625
2023-08-03,3708.080078125
2023-08-04,3699.199951171875
2023-08-07,3739.409912109375
2023-08-08,3679.419921875
2023-08-09,3610.47998046875
2023-08-10,3597.02001953125
2023-08-11,3514.550048828125
2023-08-14,3615.449951171875
2023-08-15,3553.9599609375
2023-08-16,3480.080078125
2023-08-17,3446.35009765625
2023-08-18,3462.739990234375
2023-08-21,3560.739990234375
2023-08-22,3527.68994140625
2023-08-23,3602.010009765625
2023-08-24,3481.300048828125
2023-08-25,3495.64990234375
2023-08-28,3537.8701171875
2023-08-29,3629.570068359375
2023-08-30,3643.919921875
2023-08-31,3670.929931640625
2023-09-01,3682.840087890625
2023-09-05,3683.7900390625
2023-09-06,3654.4599609375
2023-09-07,3582.110107421875
2023-09-08,3565.989990234375
2023-09-11,3569.22998046875
2023-09-12,3541.090087890625
2023-09-13,3560.4599609375
2023-09-14,3584.22998046875
2023-09-15,3476.389892578125
2023-09-18,3492.469970703125
2023-09-19,3459.02001953125
2023-09-20,3398.81005859375
2023-09-21,3338.85009765625
2023-09-22,3365.2900390625
2023-09-25,3389.4599609375
2023-09-26,3329.6201171875
2023-09-27,3361.409912109375
2023-09-28,3420.989990234375
2023-09-29,3434.2900390625
2023-10-02,3448.85009765625
2023-10-03,3376.580078125
2023-10-04,3424.919921875
2023-10-05,3406.97998046875
2023-10-06,3475.2099609375
2023-10-09,3467.35009765625
2023-10-10,3512.070068359375
2023-10-11,3537.830078125
2023-10-12,3548.6201171875
2023-10-13,3452.969970703125
2023-10-16,3502.510009765625
2023-10-17,3474.659912109375
2023-10-18,3413.449951171875
2023-10-19,3367.77001953125
2023-10-20,3316.139892578125
2023-10-23,3298.5400390625
2023-10-24,3343.93994140625
2023-10-25,3205.840087890625
2023-10-26,3188.419921875
2023-10-27,3227.090087890625
2023-10-30,3185.179931640625
2023-10-31,3215.889892578125
2023-11-01,3290.949951171875
2023-11-02,3368.5400390625
2023-11-03,3454.570068359375
2023-11-06,3444.889892578125
2023-11-07,3471.4599609375
2023-11-08,3472.669921875
2023-11-09,3452.340087890625
2023-11-10,3591.739990234375
2023-11-13,3556.75
2023-11-14,3685.570068359375
2023-11-15,3712.090087890625
2023-11-16,3724.10009765625
2023-11-17,3748.64990234375
2023-11-20,3805.81005859375
2023-11-21,3732.7900390625
2023-11-22,3744.9599609375
2023-11-24,3747.929931640625
2023-11-27,3739.31005859375
2023-11-28,3718.35009765625
2023-11-29,3753.360107421875
2023-11-30,3724.580078125
2023-12-01,3738.27001953125
2023-12-04,3693.43994140625
2023-12-05,3672.39990234375
2023-12-06,3645.820068359375
2023-12-07,3747.5400390625
2023-12-08,3774.169921875
2023-12-11,3902.389892578125
2023-12-12,3930.179931640625
2023-12-13,3990.949951171875
2023-12-14,4097.47021484375
2023-12-15,4117.0
2023-12-18,4103.7900390625
2023-12-19,4125.56005859375
2023-12-20,4007.659912109375
2023-12-21,4118.58984375
2023-12-22,4132.85009765625
2023-12-26,4207.4501953125
2023-12-27,4214.58984375
2023-12-28,4208.68017578125
2023-12-29,4175.47021484375
2024-01-02,4023.0400390625
2024-01-03,3941.2099609375
2024-01-04,3908.85009765625
2024-01-05,3933.489990234375
2024-01-08,4062.47998046875
2024-01-09,4064.64990234375
2024-01-10,4048.840087890625
2024-01-11,4067.89990234375
2024-01-12,4052.429931640625
2024-01-16,4105.93994140625
2024-01-17,4069.949951171875
2024-01-18,4206.52001953125
2024-01-19,4375.64990234375
2024-01-22,4386.60009765625
2024-01-23,4415.259765625
2024-01-24,4483.330078125
2024-01-25,4472.259765625
2024-01-26,4342.10009765625
2024-01-29,4388.27001953125
2024-01-30,4319.990234375
2024-01-31,4260.919921875
2024-02-01,4280.47998046875
2024-02-02,4336.72998046875
2024-02-05,4388.10009765625
2024-02-06,4338.27001953125
2024-02-07,4408.72998046875
2024-02-08,4478.009765625
2024-02-09,4567.2998046875
2024-02-12,4560.0400390625
2024-02-13,4468.18017578125
2024-02-14,4565.41015625
2024-02-15,4558.10009765625
2024-02-16,4527.68017578125
2024-02-20,4456.8701171875
2024-02-21,4446.35986328125
2024-02-22,4667.3701171875
2024-02-23,4615.02978515625
2024-02-26,4663.47021484375
2024-02-27,4654.89013671875
2024-02-28,4602.60009765625
2024-02-29,4726.919921875
2024-03-01,4929.580078125
2024-03-04,4981.97021484375
2024-03-05,4879.830078125
2024-03-06,4997.93017578125
2024-03-07,5165.830078125
2024-03-08,4957.77978515625
2024-03-11,4890.2001953125
2024-03-12,4992.509765625
2024-03-13,4868.9501953125
2024-03-14,4783.64990234375
2024-03-15,4757.7099609375
2024-03-18,4757.60009765625
2024-03-19,4712.81005859375
2024-03-20,4788.18017578125
2024-03-21,4897.8798828125
2024-03-22,4908.259765625
2024-03-25,4891.490234375
2024-03-26,4851.8798828125
2024-03-27,4899.9501953125
2024-03-28,4905.2099609375
2024-04-01,4962.10009765625
2024-04-02,4886.93994140625
2024-04-03,4903.5
2024-04-04,4756.06982421875
2024-04-05,4819.1298828125
2024-04-08,4825.39013671875
2024-04-09,4870.81005859375
2024-04-10,4790.35009765625
2024-04-11,4906.3701171875
2024-04-12,4745.0498046875
2024-04-15,4679.10009765625
2024-04-16,4720.52978515625
2024-04-17,4567.31005859375
2024-04-18,4491.7099609375
2024-04-19,4306.8701171875
2024-04-22,4381.919921875
2024-04-23,4478.7998046875
2024-04-24,4526.2001953125
2024-04-25,4615.0400390625
2024-04-26,4735.2900390625
2024-04-29,4765.7900390625
2024-04-30,4673.2998046875
2024-05-01,4507.68017578125
2024-05-02,4605.35009765625
2024-05-03,4716.18994140625
2024-05-06,4820.4501953125
2024-05-07,4784.8798828125
2024-05-08,4790.3798828125
2024-05-09,4759.77001953125
2024-05-10,4808.02978515625
2024-05-13,4823.08984375
2024-05-14,4903.93017578125
2024-05-15,5045.080078125
2024-05-16,5017.5400390625
2024-05-17,4983.02001953125
2024-05-20,5090.35009765625
2024-05-21,5074.39990234375
2024-05-22,5126.81005859375
2024-05-23,5125.97998046875
2024-05-24,5220.919921875
2024-05-28,5317.8701171875
2024-05-29,5219.31982421875
2024-05-30,5173.259765625
2024-05-31,5123.35986328125
2024-06-03,5152.509765625
2024-06-04,5116.27001953125
2024-06-05,5347.43994140625
2024-06-06,5301.68017578125
2024-06-07,5287.240234375
2024-06-10,5362.39990234375
2024-06-11,5365.3798828125
2024-06-12,5520.8701171875
2024-06-13,5602.419921875
2024-06-14,5598.31005859375
2024-06-17,5688.10009765625
2024-06-18,5765.1201171875
2024-06-20,5610.009765625
2024-06-21,5538.5400390625
2024-06-24,5371.52001953125
2024-06-25,5467.66015625
2024-06-26,5452.31982421875
2024-06-27,5421.08984375
2024-06-28,5472.259765625
2024-07-01,5477.14990234375
2024-07-02,5544.990234375
2024-07-03,5651.72021484375
2024-07-05,5656.31005859375
2024-07-08,5765.2099609375
2024-07-09,5765.2001953125
2024-07-10,5904.5400390625
2024-07-11,5699.66015625
2024-07-12,5775.18994140625
2024-07-15,5777.7099609375
2024-07-16,5804.02978515625
2024-07-17,5408.7099609375
2024-07-18,5436.419921875
2024-07-19,5267.16015625
2024-07-22,5477.830078125
2024-07-23,5397.89990234375
2024-07-24,5105.64990234375
2024-07-25,5005.35986328125
2024-07-26,5103.1298828125
2024-07-29,5087.6201171875
2024-07-30,4890.14990234375
2024-07-31,5233.18017578125
2024-08-01,4859.58984375
2024-08-02,4607.759765625
2024-08-05,4519.4501953125
2024-08-06,4567.56982421875
2024-08-07,4426.27001953125
2024-08-08,4730.009765625
2024-08-09,4709.4501953125
2024-08-12,4743.81982421875
2024-08-13,4942.31005859375
2024-08-14,4933.35009765625
2024-08-15,5173.3798828125
2024-08-16,5170.25
2024-08-19,5266.56982421875
2024-08-20,5196.2998046875
2024-08-21,5267.93017578125
2024-08-22,5086.89990234375
2024-08-23,5228.64990234375
2024-08-26,5097.35009765625
2024-08-27,5153.6298828125
2024-08-28,5059.56005859375
2024-08-29,5029.25
2024-08-30,5158.81982421875
2024-09-03,4759.0
2024-09-04,4770.85009765625
2024-09-05,4742.419921875
2024-09-06,4528.22021484375
2024-09-09,4625.77978515625
2024-09-10,4680.669921875
2024-09-11,4910.169921875
2024-09-12,4898.43994140625
2024-09-13,4980.490234375
2024-09-16,4910.43994140625
2024-09-17,4912.10009765625
2024-09-18,4859.2900390625
2024-09-19,5066.64990234375
2024-09-20,5000.06005859375
2024-09-23,5025.81005859375
2024-09-24,5091.77978515625
2024-09-25,5132.52001953125
2024-09-26,5310.5
2024-09-27,5217.22998046875
2024-09-30,5173.06005859375
2024-10-01,5024.93994140625
2024-10-02,5099.2001953125
2024-10-03,5125.2099609375
2024-10-04,5206.83984375
2024-10-07,5196.7998046875
2024-10-08,5266.10009765625
2024-10-09,5321.89990234375
2024-10-10,5293.93994140625
2024-10-11,5335.93994140625
2024-10-14,5432.2099609375
2024-10-15,5145.2099609375
2024-10-16,5155.85986328125
2024-10-17,5204.81005859375
2024-10-18,5208.6201171875
2024-10-21,5215.2099609375
2024-10-22,5190.7099609375
2024-10-23,5131.3701171875
2024-10-24,5157.60986328125
2024-10-25,5212.830078125
2024-10-28,5211.669921875
2024-10-29,5332.169921875
2024-10-30,5153.490234375
2024-10-31,4946.75
2024-11-01,5001.43017578125
2024-11-04,4974.0
2024-11-05,5057.830078125
2024-11-06,5215.56982421875
2024-11-07,5333.990234375
2024-11-08,5290.52001953125
2024-11-11,5156.39013671875
2024-11-12,5108.64013671875
2024-11-13,5006.2900390625
2024-11-14,5004.58984375
2024-11-15,4833.58984375
2024-11-18,4888.77001953125
2024-11-19,4919.16015625
2024-11-20,4884.25
2024-11-21,4963.0498046875
2024-11-22,4955.7998046875
2024-11-25,4987.919921875
2024-11-26,4927.56005859375
2024-11-27,4853.009765625
2024-11-29,4926.56005859375
2024-12-02,5055.31982421875
2024-12-03,5035.85986328125
2024-12-04,5121.77978515625
2024-12-05,5026.3701171875
2024-12-06,5061.2998046875
2024-12-09,5018.83984375
2024-12-10,4894.7001953125
2024-12-11,5027.7998046875
2024-12-12,4982.18994140625
2024-12-13,5149.77978515625
2024-12-16,5256.06005859375
2024-12-17,5169.7900390625
2024-12-18,4970.97998046875
2024-12-19,4893.47021484375
2024-12-20,4964.91015625
2024-12-23,5118.75
2024-12-24,5173.56005859375
2024-12-26,5175.31005859375
2024-12-27,5122.97021484375
2024-12-30,5026.509765625
2024-12-31,4979.93017578125
2025-01-02,5021.5
2025-01-03,5163.64990234375
2025-01-06,5310.14013671875
2025-01-07,5212.25
2025-01-08,5162.35009765625
2025-01-10,5037.47021484375
2025-01-13,5020.0400390625
2025-01-14,5045.9501953125
2025-01-15,5153.669921875
2025-01-16,5162.9599609375
2025-01-17,5309.740234375
2025-01-21,5378.5
2025-01-22,5469.2900390625
2025-01-23,5444.68994140625
2025-01-24,5341.93994140625
2025-01-27,4853.240234375
2025-01-28,4907.02978515625
2025-01-29,4918.10009765625
2025-01-30,5030.52978515625
2025-01-31,5015.85009765625
2025-02-03,4924.81005859375
2025-02-04,4976.58984375
2025-02-05,5091.5
2025-02-06,5092.58984375
2025-02-07,5009.33984375
2025-02-10,5082.669921875
2025-02-11,5079.97021484375
2025-02-12,5090.7900390625
2025-02-13,5156.39013671875
2025-02-14,5160.93994140625
2025-02-18,5247.85986328125
2025-02-19,5309.68994140625
2025-02-20,5310.6298828125
2025-02-21,5136.58984375
2025-02-24,5003.5400390625
2025-02-25,4888.8798828125
2025-02-26,4990.81982421875
2025-02-27,4686.75
2025-02-28,4766.75
2025-03-03,4575.3701171875
2025-03-04,4604.509765625
2025-03-05,4700.7900390625
2025-03-06,4487.85009765625
2025-03-07,4629.58984375
2025-03-10,4405.08984375
2025-03-11,4374.06982421875
2025-03-12,4481.02001953125
2025-03-13,4453.240234375
2025-03-14,4598.7900390625
2025-03-17,4663.97021484375
2025-03-18,4589.02978515625
2025-03-19,4634.52978515625
2025-03-20,4601.3701171875
2025-03-21,4557.9501953125
2025-03-24,4694.22021484375
2025-03-25,4661.33984375
2025-03-26,4508.740234375
2025-03-27,4415.25
2025-03-28,4284.91015625
2025-03-31,4270.43017578125
2025-04-01,4282.4599609375
2025-04-02,4320.75
2025-04-03,3893.68994140625
2025-04-04,3597.659912109375
2025-04-07,3694.949951171875
2025-04-08,3562.93994140625
2025-04-09,4230.4501953125
2025-04-10,3893.300048828125
2025-04-11,3990.89990234375
2025-04-14,4003.219970703125
2025-04-15,4021.889892578125
2025-04-16,3857.169921875
2025-04-17,3832.469970703125
2025-04-21,3751.909912109375
2025-04-22,3832.050048828125
2025-04-23,3983.919921875
2025-04-24,4208.18994140625
2025-04-25,4251.60986328125
2025-04-28,4235.6201171875
2025-04-29,4196.75
2025-04-30,4230.08984375
2025-05-01,4247.66015625
2025-05-02,4397.0498046875
2025-05-05,4356.18017578125
2025-05-06,4311.2001953125
2025-05-07,4386.35986328125
2025-05-08,4430.43994140625
2025-05-09,4466.5
2025-05-12,4780.93017578125
2025-05-13,4931.35009765625
2025-05-14,4960.72998046875
2025-05-15,4932.4501953125
2025-05-16,4922.18994140625
2025-05-19,4897.7099609375
2025-05-20,4890.77978515625
2025-05-21,4802.7099609375
2025-05-22,4775.47021484375
2025-05-23,4702.3798828125
2025-05-27,4861.08984375
2025-05-28,4834.419921875
2025-05-29,4860.47998046875
2025-05-30,4758.06005859375
2025-06-02,4832.7900390625
2025-06-03,4964.41015625
2025-06-04,5033.35009765625
2025-06-05,5010.919921875
2025-06-06,5038.06005859375
2025-06-09,5136.66015625
2025-06-10,5242.5
2025-06-11,5232.52978515625
2025-06-12,5249.14990234375
2025-06-13,5112.240234375
2025-06-16,5267.2998046875
2025-06-17,5223.64990234375
2025-06-18,5251.02001953125
2025-06-20,5211.47998046875
2025-06-23,5244.2998046875
2025-06-24,5441.8701171875
2025-06-25,5493.2998046875
2025-06-26,5541.4599609375
2025-06-27,5544.990234375
2025-06-30,5546.5400390625
2025-07-01,5507.5
2025-07-02,5611.0498046875
2025-07-03,5647.1201171875
2025-07-07,5541.2001953125
2025-07-08,5641.22021484375
2025-07-09,5665.990234375
2025-07-10,5708.27978515625
2025-07-11,5696.2900390625
2025-07-14,5646.72021484375
2025-07-15,5718.60986328125
2025-07-16,5696.2099609375
2025-07-17,5737.64013671875
2025-07-18,5732.6201171875
2025-07-21,5739.419921875
2025-07-22,5638.7099609375
2025-07-23,5637.7900390625
2025-07-24,5644.3701171875
2025-07-25,5645.85986328125
2025-07-28,5737.10009765625
2025-07-29,5739.7900390625
2025-07-30,5787.31982421875
2025-07-31,5607.919921875
2025-08-01,5527.60986328125
2025-08-04,5624.41015625
2025-08-05,5561.68994140625
2025-08-06,5550.2998046875
2025-08-07,5633.7001953125
2025-08-08,5678.02001953125
2025-08-11,5670.3701171875
2025-08-12,5840.08984375
2025-08-13,5892.60986328125
2025-08-14,5885.490234375
2025-08-15,5752.740234375
2025-08-18,5776.31005859375
2025-08-19,5671.509765625
2025-08-20,5630.81982421875
2025-08-21,5603.259765625
2025-08-22,5754.4599609375
2025-08-25,5756.2998046875
2025-08-26,5807.919921875
2025-08-27,5824.60986328125
2025-08-28,5853.0498046875
2025-08-29,5668.93994140625
2025-09-02,5605.4599609375
2025-09-03,5592.81982421875
2025-09-04,5667.85986328125
2025-09-05,5761.39990234375
2025-09-08,5809.60986328125
2025-09-09,5819.830078125
2025-09-10,5958.08984375
2025-09-11,5995.39013671875
2025-09-12,6001.740234375
2025-09-15,6059.830078125
2025-09-16,6079.22021484375
2025-09-17,6060.22021484375
2025-09-18,6278.16015625
2025-09-19,6232.25
2025-09-22,6330.1201171875
2025-09-23,6308.2099609375
2025-09-24,6297.0
2025-09-25,6284.669921875
2025-09-26,6305.0498046875
2025-09-29,6315.10986328125
2025-09-30,6369.81982421875
2025-10-01,6500.27978515625
2025-10-02,6626.3798828125
2025-10-03,6583.740234375
2025-10-06,6774.06005859375
2025-10-07,6634.759765625
2025-10-08,6860.2001953125
2025-10-09,6840.2001953125
2025-10-10,6407.60009765625
2025-10-13,6723.47021484375
2025-10-14,6570.330078125
2025-10-15,6767.06005859375
2025-10-16,6800.02001953125
2025-10-17,6777.97998046875
2025-10-20,6885.02978515625
2025-10-21,6839.27001953125
2025-10-22,6677.56982421875
2025-10-23,6847.39013671875
2025-10-24,6976.93994140625
2025-10-27,7167.97998046875
2025-10-28,7194.7099609375
2025-10-29,7327.93017578125
2025-10-30,7216.0
2025-10-31,7228.66015625
2025-11-03,7270.97021484375
2025-11-04,6979.56982421875
2025-11-05,7190.27001953125
2025-11-06,7018.39013671875
2025-11-07,6947.35986328125
2025-11-10,7156.9501953125
2025-11-11,6979.7001953125
2025-11-12,7082.1298828125
2025-11-13,6818.740234375
2025-11-14,6811.2001953125
2025-11-17,6705.740234375
2025-11-18,6551.02978515625
2025-11-19,6670.02978515625
2025-11-20,6352.06982421875
2025-11-21,6406.43017578125
2025-11-24,6703.2001953125
2025-11-25,6714.18017578125
2025-11-26,6899.4599609375
2025-11-28,7025.14990234375
2025-12-01,7020.52978515625
2025-12-02,7149.47021484375
2025-12-03,7280.509765625
2025-12-04,7215.97021484375
2025-12-05,7294.83984375
2025-12-08,7375.22021484375
2025-12-09,7372.509765625
2025-12-10,7467.490234375
2025-12-11,7411.47998046875
2025-12-12,7033.56982421875
2025-12-15,6990.41015625
2025-12-16,6958.43994140625
2025-12-17,6695.31005859375
2025-12-18,6863.6298828125
2025-12-19,7067.8701171875
2025-12-22,7145.56982421875
2025-12-23,7184.5400390625
2025-12-24,7204.3701171875
2025-12-26,7207.64013671875
2025-12-29,7178.27001953125
2025-12-30,7169.10009765625
2025-12-31,7083.1298828125
2026-01-02,7367.47021484375
2026-01-05,7446.4501953125
2026-01-06,7650.93017578125
2026-01-07,7574.8701171875
2026-01-08,7436.10009765625
2026-01-09,7638.77978515625
2026-01-12,7674.83984375
2026-01-13,7747.990234375
2026-01-14,7701.47021484375
2026-01-15,7837.2998046875
2026-01-16,7927.41015625
2026-01-20,7794.18994140625
2026-01-21,8042.06982421875
2026-01-22,8055.169921875
2026-01-23,7957.93017578125
2026-01-26,7927.0400390625
2026-01-27,8117.18017578125
2026-01-28,8306.740234375
2026-01-29,8320.3896484375
2026-01-30,7998.47021484375
2026-02-02,8134.490234375
2026-02-03,7966.330078125
2026-02-04,7619.16015625
2026-02-05,7614.64013671875
2026-02-06,8048.6201171875
2026-02-09,8162.580078125
2026-02-10,8107.1298828125
2026-02-11,8291.8603515625
2026-02-12,8084.7001953125
2026-02-13,8137.85986328125
2026-02-17,8136.0498046875
2026-02-18,8214.349609375
2026-02-19,8173.2998046875
2026-02-20,8260.419921875
2026-02-23,8213.4599609375
2026-02-24,8332.33984375
2026-02-25,8467.4296875
2026-02-26,8197.259765625
2026-02-27,8098.3701171875
2026-03-02,8137.35986328125
2026-03-03,7764.8798828125
2026-03-04,7914.47998046875
2026-03-05,7821.759765625
2026-03-06,7514.740234375
2026-03-09,7810.39990234375
2026-03-10,7865.1201171875
2026-03-11,7914.56982421875
2026-03-12,7643.169921875
2026-03-13,7646.64013671875
2026-03-16,7796.240234375
2026-03-17,7836.830078125
2026-03-18,7795.1298828125
2026-03-19,7863.2998046875
2026-03-20,7670.60986328125
2026-03-23,7773.1298828125
2026-03-24,7872.7099609375
2026-03-25,7967.75
2026-03-26,7585.8701171875
2026-03-27,7457.669921875
2026-03-30,7142.330078125
2026-03-31,7588.2001953125
2026-04-01,7802.31005859375
2026-04-02,7833.39013671875
2026-04-06,7916.10986328125
2026-04-07,8003.8701171875
2026-04-08,8510.919921875
2026-04-09,8689.5302734375
2026-04-10,8889.830078125
2026-04-13,9039.51953125
2026-04-14,9224.1201171875
2026-04-15,9239.2900390625
2026-04-16,9329.349609375
2026-04-17,9555.8798828125
2026-04-20,9599.2099609375
2026-04-21,9647.2099609375
2026-04-22,9909.26953125
2026-04-23,10078.5703125
2026-04-24,10513.66015625
2026-04-27,10408.0400390625
2026-04-28,10035.580078125
2026-04-29,10271.2998046875
2026-04-30,10503.7001953125
2026-05-01,10595.33984375
2026-05-04,10534.66015625
2026-05-05,10980.580078125
2026-05-06,11472.75
2026-05-07,11160.990234375
2026-05-08,11775.5
2026-05-11,12081.0400390625
2026-05-12,11717.259765625
2026-05-13,12017.98046875
2026-05-14,12073.7802734375
2026-05-15,11588.4599609375
2026-05-18,11302.51953125
2026-05-19,11305.5
2026-05-20,11813.2900390625
2026-05-21,11964.080078125
2026-05-22,12202.5400390625
2026-05-26,12876.91015625
2026-05-27,12702.1904296875
2026-05-28,12829.1396484375
2026-05-29,12829.3798828125
2026-06-01,12965.650390625
2026-06-02,13726.26953125
2026-06-03,13916.9599609375
2026-06-04,13617.5
2026-06-05,12220.759765625
2026-06-08,12906.6904296875
2026-06-09,12657.8095703125
2026-06-10,12206.4599609375
2026-06-11,13171.4404296875
2026-06-12,13371.4697265625
2026-06-15,14099.6201171875
2026-06-16,13294.2197265625
2026-06-17,13477.0703125
2026-06-18,14341.7802734375
2026-06-22,14634.7197265625
2026-06-23,13482.509765625
2026-06-24,13458.2001953125
2026-06-25,13940.8701171875
2026-06-26,13203.5703125
2026-06-29,13709.66015625
2026-06-30,14246.9599609375
2026-07-01,13353.2802734375
2026-07-02,12626.2197265625
2026-07-06,12900.1396484375
2026-07-07,12300.51953125
2026-07-08,12574.9697265625
2026-07-09,12960.0
2026-07-10,12967.16015625
2026-07-13,12347.7802734375
2026-07-14,12661.9296875
2026-07-15,12398.8896484375
2026-07-16,11867.5
2026-07-17,11673.8896484375
2026-07-20,11743.849609375
2026-07-21,12356.16015625
2026-07-22,12410.669921875
2026-07-23,12343.83984375
2026-07-24,11818.8798828125
2026-07-27,11554.8798828125
2026-07-28,11035.6796875
2026-07-29,10447.490234375
2026-07-30,11302.990234375
2026-07-31,11311.080078125
2026-08-03,11430.349609375
2026-08-04,12179.259765625
2026-08-05,12008.8798828125
2026-08-06,12048.6904296875
2026-08-07,12356.7900390625
2026-08-10,11993.8603515625
2026-08-11,12098.4697265625
2026-08-12,12399.3798828125
2026-08-13,12456.0
2026-08-14,12417.0498046875
2026-08-17,12621.0
2026-08-18,11992.4599609375
2026-08-19,11738.23046875
2026-08-20,11800.01953125
2026-08-21,11740.3701171875
2026-08-24,11423.169921875
2026-08-25,11588.0400390625
2026-08-26,11611.240234375
2026-08-27,11882.169921875
2026-08-28,11469.66015625
2026-08-31,11535.0498046875
2026-09-01,11288.6103515625
2026-09-02,11339.25
2026-09-03,11352.1298828125
2026-09-04,11735.259765625
2026-09-08,11887.8701171875
2026-09-09,11931.3203125
2026-09-10,11614.169921875
2026-09-11,11824.0
2026-09-14,11131.2802734375
2026-09-15,11175.5498046875
2026-09-16,11246.1103515625
2026-09-17,11599.490234375
2026-09-18,11921.6904296875
2026-09-21,12433.169921875
2026-09-22,12689.8203125
2026-09-23,12534.2802734375
2026-09-24,12492.5400390625
2026-09-25,12668.9296875
2026-09-28,12465.240234375
2026-09-29,12629.16015625
2026-09-30,12628.6201171875
2026-10-01,12829.0
2026-10-02,13136.6748046875
