cutoff,check,passed,prefix_omitted_zero_target_columns,numeric_max_abs_differences
2016-07-01,prefix_and_execution_state,True,['3711'],"{'net_returns': 2.220446049250313e-16, 'full_equity': 2.220446049250313e-16, 'turnover': 1.1102230246251565e-16}"
2016-07-01,future_prices,True,,"{'net_returns': 0.0, 'full_equity': 0.0, 'turnover': 0.0}"
2016-07-01,future_chips,True,,"{'net_returns': 0.0, 'full_equity': 0.0, 'turnover': 0.0}"
2016-07-01,future_sox,True,,"{'net_returns': 0.0, 'full_equity': 0.0, 'turnover': 0.0}"
2016-07-01,future_all,True,,"{'net_returns': 0.0, 'full_equity': 0.0, 'turnover': 0.0}"
2018-09-17,prefix_and_execution_state,True,[],"{'net_returns': 0.0, 'full_equity': 0.0, 'turnover': 0.0}"
2018-09-17,future_prices,True,,"{'net_returns': 0.0, 'full_equity': 0.0, 'turnover': 0.0}"
2018-09-17,future_chips,True,,"{'net_returns': 0.0, 'full_equity': 0.0, 'turnover': 0.0}"
2018-09-17,future_sox,True,,"{'net_returns': 0.0, 'full_equity': 0.0, 'turnover': 0.0}"
2018-09-17,future_all,True,,"{'net_returns': 0.0, 'full_equity': 0.0, 'turnover': 0.0}"
2019-09-19,prefix_and_execution_state,True,[],"{'net_returns': 0.0, 'full_equity': 0.0, 'turnover': 0.0}"
2019-09-19,future_prices,True,,"{'net_returns': 0.0, 'full_equity': 0.0, 'turnover': 0.0}"
2019-09-19,future_chips,True,,"{'net_returns': 0.0, 'full_equity': 0.0, 'turnover': 0.0}"
2019-09-19,future_sox,True,,"{'net_returns': 0.0, 'full_equity': 0.0, 'turnover': 0.0}"
2019-09-19,future_all,True,,"{'net_returns': 0.0, 'full_equity': 0.0, 'turnover': 0.0}"
2021-10-07,prefix_and_execution_state,True,[],"{'net_returns': 0.0, 'full_equity': 0.0, 'turnover': 0.0}"
2021-10-07,future_prices,True,,"{'net_returns': 0.0, 'full_equity': 0.0, 'turnover': 0.0}"
2021-10-07,future_chips,True,,"{'net_returns': 0.0, 'full_equity': 0.0, 'turnover': 0.0}"
2021-10-07,future_sox,True,,"{'net_returns': 0.0, 'full_equity': 0.0, 'turnover': 0.0}"
2021-10-07,future_all,True,,"{'net_returns': 0.0, 'full_equity': 0.0, 'turnover': 0.0}"
2023-10-30,prefix_and_execution_state,True,[],"{'net_returns': 0.0, 'full_equity': 0.0, 'turnover': 0.0}"
2023-10-30,future_prices,True,,"{'net_returns': 0.0, 'full_equity': 0.0, 'turnover': 0.0}"
2023-10-30,future_chips,True,,"{'net_returns': 0.0, 'full_equity': 0.0, 'turnover': 0.0}"
2023-10-30,future_sox,True,,"{'net_returns': 0.0, 'full_equity': 0.0, 'turnover': 0.0}"
2023-10-30,future_all,True,,"{'net_returns': 0.0, 'full_equity': 0.0, 'turnover': 0.0}"
2026-09-30,prefix_and_execution_state,True,[],"{'net_returns': 0.0, 'full_equity': 0.0, 'turnover': 0.0}"
2026-09-30,future_prices,True,,"{'net_returns': 0.0, 'full_equity': 0.0, 'turnover': 0.0}"
2026-09-30,future_chips,True,,"{'net_returns': 0.0, 'full_equity': 0.0, 'turnover': 0.0}"
2026-09-30,future_sox,True,,"{'net_returns': 0.0, 'full_equity': 0.0, 'turnover': 0.0}"
2026-09-30,future_all,True,,"{'net_returns': 0.0, 'full_equity': 0.0, 'turnover': 0.0}"
